,county_name,age_group,administered_count,administered_count_display,persons_fully_vaccinated,persons_fully_vaccinated_display,population_administered,population_fully_vaccinated,report_date,total_administered_population,total_population_fully_vaccinated,sort_administered_population,sort_population_fully_vaccinated,administered_count_pct,persons_fully_vaccinated_pct
0,Illinois,12-15,428921,428921,177913,177913,0.0,0.0,2021-07-05,0.0,0.0,0.0,0.0,0.03375883331910059,0.02857163963693704
1,Illinois,16-64,9089722,9089722,4470701,4470701,0.0,0.0,2021-07-05,0.0,0.0,0.0,0.0,0.7154194127006177,0.7179647237497769
2,Illinois,65+,3186802,3186802,1578295,1578295,0.0,0.0,2021-07-05,0.0,0.0,0.0,0.0,0.25082175398028167,0.25346363661328597
0,Adams,16-64,27952,27952,15725,15725,0.0,0.0,2021-07-05,0.0,0.0,0.0,0.0,0.5734449368127359,0.5938444108761329
1,Adams,65+,20003,20003,10436,10436,0.0,0.0,2021-07-05,0.0,0.0,0.0,0.0,0.4103684556047924,0.3941087613293051
0,Champaign,16-64,152088,152088,74734,74734,0.0,0.0,2021-07-05,0.0,0.0,0.0,0.0,0.7468363754216939,0.7489202216677189
1,Champaign,65+,45001,45001,22281,22281,0.0,0.0,2021-07-05,0.0,0.0,0.0,0.0,0.2209798519958948,0.22328112316988846
0,Cass,16-64,6909,6909,3426,3426,0.0,0.0,2021-07-05,0.0,0.0,0.0,0.0,0.6550677917891343,0.656070471083876
1,Cass,65+,3342,3342,1674,1674,0.0,0.0,2021-07-05,0.0,0.0,0.0,0.0,0.3168673556461553,0.3205668326311758
0,Putnam,16-64,2867,2867,1388,1388,0.0,0.0,2021-07-05,0.0,0.0,0.0,0.0,0.5926002480363787,0.5866441251056635
1,Putnam,65+,1891,1891,946,946,0.0,0.0,2021-07-05,0.0,0.0,0.0,0.0,0.39086399338569655,0.39983093829247673
0,Jersey,16-64,10255,10255,5181,5181,0.0,0.0,2021-07-05,0.0,0.0,0.0,0.0,0.5905557155197236,0.593198992443325
1,Jersey,65+,6825,6825,3430,3430,0.0,0.0,2021-07-05,0.0,0.0,0.0,0.0,0.3930319608407717,0.3927181131211358
0,Peoria,16-64,105601,105601,52467,52467,0.0,0.0,2021-07-05,0.0,0.0,0.0,0.0,0.6510341851360932,0.6529725827929957
1,Peoria,65+,51903,51903,25837,25837,0.0,0.0,2021-07-05,0.0,0.0,0.0,0.0,0.3199839709010203,0.3215516919515625
0,Greene,16-64,4335,4335,2204,2204,0.0,0.0,2021-07-05,0.0,0.0,0.0,0.0,0.5759266640095656,0.5781741867785939
1,Greene,65+,3115,3115,1575,1575,0.0,0.0,2021-07-05,0.0,0.0,0.0,0.0,0.41384349674505116,0.41316894018887723
0,Calhoun,16-64,1746,1746,881,881,0.0,0.0,2021-07-05,0.0,0.0,0.0,0.0,0.5553435114503816,0.556538218572331
1,Calhoun,65+,1365,1365,688,688,0.0,0.0,2021-07-05,0.0,0.0,0.0,0.0,0.43416030534351147,0.43461781427668983
0,Morgan,16-64,16269,16269,8175,8175,0.0,0.0,2021-07-05,0.0,0.0,0.0,0.0,0.5966990647350082,0.5987695012085256
1,Morgan,65+,10529,10529,5285,5285,0.0,0.0,2021-07-05,0.0,0.0,0.0,0.0,0.38617274894553455,0.3870944114846554
0,Schuyler,16-64,2890,2890,1515,1515,0.0,0.0,2021-07-05,0.0,0.0,0.0,0.0,0.5540644171779141,0.5634064708069915
1,Schuyler,65+,2219,2219,1125,1125,0.0,0.0,2021-07-05,0.0,0.0,0.0,0.0,0.4254217791411043,0.41837114168836
0,Ford,16-64,6591,6591,3205,3205,0.0,0.0,2021-07-05,0.0,0.0,0.0,0.0,0.6080258302583026,0.6114078595955742
1,Ford,65+,4010,4010,1945,1945,0.0,0.0,2021-07-05,0.0,0.0,0.0,0.0,0.3699261992619926,0.3710415871804655
0,Knox,16-64,26394,26394,13027,13027,0.0,0.0,2021-07-05,0.0,0.0,0.0,0.0,0.5910913040557185,0.5908472423802612
1,Knox,65+,17578,17578,8763,8763,0.0,0.0,2021-07-05,0.0,0.0,0.0,0.0,0.3936577609567106,0.3974510159651669
0,Sangamon,16-64,125864,125864,62477,62477,0.0,0.0,2021-07-05,0.0,0.0,0.0,0.0,0.6580952131970406,0.6589914246838313
1,Sangamon,65+,59762,59762,29909,29909,0.0,0.0,2021-07-05,0.0,0.0,0.0,0.0,0.3124728765261039,0.31547248620882423
0,Hancock,16-64,5111,5111,2730,2730,0.0,0.0,2021-07-05,0.0,0.0,0.0,0.0,0.48960628412683205,0.5038759689922481
1,Hancock,65+,5271,5271,2665,2665,0.0,0.0,2021-07-05,0.0,0.0,0.0,0.0,0.5049334227416419,0.49187892211148027
0,Pike,16-64,4137,4137,2259,2259,0.0,0.0,2021-07-05,0.0,0.0,0.0,0.0,0.4832943925233645,0.5003322259136213
1,Pike,65+,4360,4360,2233,2233,0.0,0.0,2021-07-05,0.0,0.0,0.0,0.0,0.5093457943925234,0.4945736434108527
0,Piatt,16-64,8561,8561,4181,4181,0.0,0.0,2021-07-05,0.0,0.0,0.0,0.0,0.6072492552135055,0.6087652882935353
1,Piatt,65+,5119,5119,2524,2524,0.0,0.0,2021-07-05,0.0,0.0,0.0,0.0,0.363101149099163,0.36750145602795575
0,Clinton,16-64,19680,19680,10174,10174,0.0,0.0,2021-07-05,0.0,0.0,0.0,0.0,0.6404165310771234,0.6492661135928526
1,Clinton,65+,10467,10467,5252,5252,0.0,0.0,2021-07-05,0.0,0.0,0.0,0.0,0.3406117800195249,0.3351627313337588
0,Crawford,16-64,7494,7494,3708,3708,0.0,0.0,2021-07-05,0.0,0.0,0.0,0.0,0.5741648789457554,0.5753297129557797
1,Crawford,65+,5405,5405,2677,2677,0.0,0.0,2021-07-05,0.0,0.0,0.0,0.0,0.41411277965062826,0.4153607447633825
0,Brown,16-64,3654,3654,1862,1862,0.0,0.0,2021-07-05,0.0,0.0,0.0,0.0,0.712280701754386,0.7147792706333973
1,Brown,65+,1453,1453,734,734,0.0,0.0,2021-07-05,0.0,0.0,0.0,0.0,0.2832358674463938,0.2817658349328215
0,Marshall,16-64,5408,5408,2714,2714,0.0,0.0,2021-07-05,0.0,0.0,0.0,0.0,0.5618701298701299,0.5656523551479783
1,Marshall,65+,4013,4013,2003,2003,0.0,0.0,2021-07-05,0.0,0.0,0.0,0.0,0.41693506493506494,0.417465610671113
0,Woodford,16-64,19988,19988,10134,10134,0.0,0.0,2021-07-05,0.0,0.0,0.0,0.0,0.6181728211789448,0.6230173367760974
1,Woodford,65+,11536,11536,5779,5779,0.0,0.0,2021-07-05,0.0,0.0,0.0,0.0,0.35677614894538257,0.35528095413746463
0,Tazewell,16-64,73258,73258,37028,37028,0.0,0.0,2021-07-05,0.0,0.0,0.0,0.0,0.6278701029337401,0.6329789052617183
1,Tazewell,65+,40204,40204,20123,20123,0.0,0.0,2021-07-05,0.0,0.0,0.0,0.0,0.3445751947684634,0.34399466648432425
0,Warren,16-64,7088,7088,3533,3533,0.0,0.0,2021-07-05,0.0,0.0,0.0,0.0,0.5742526128169813,0.5739116309291747
1,Warren,65+,5022,5022,2526,2526,0.0,0.0,2021-07-05,0.0,0.0,0.0,0.0,0.4068702908531151,0.41033138401559455
0,Menard,16-64,6278,6278,3194,3194,0.0,0.0,2021-07-05,0.0,0.0,0.0,0.0,0.608864319658617,0.6123466257668712
1,Menard,65+,3823,3823,1936,1936,0.0,0.0,2021-07-05,0.0,0.0,0.0,0.0,0.3707690815633789,0.37116564417177916
0,Fulton,16-64,18048,18048,9265,9265,0.0,0.0,2021-07-05,0.0,0.0,0.0,0.0,0.6055359838953196,0.6126429941149243
1,Fulton,65+,11250,11250,5666,5666,0.0,0.0,2021-07-05,0.0,0.0,0.0,0.0,0.377453447408153,0.3746611122131852
0,Bond,16-64,6413,6413,3209,3209,0.0,0.0,2021-07-05,0.0,0.0,0.0,0.0,0.5739216037229282,0.5765361121092346
1,Bond,65+,4523,4523,2267,2267,0.0,0.0,2021-07-05,0.0,0.0,0.0,0.0,0.40477895113656703,0.40729428674092705
0,Union,16-64,7664,7664,3793,3793,0.0,0.0,2021-07-05,0.0,0.0,0.0,0.0,0.6017115490303839,0.6018724214535068
1,Union,65+,4885,4885,2434,2434,0.0,0.0,2021-07-05,0.0,0.0,0.0,0.0,0.3835283033681401,0.3862265947318312
0,Randolph,16-64,13721,13721,6983,6983,0.0,0.0,2021-07-05,0.0,0.0,0.0,0.0,0.5934688581314879,0.5987823700908935
1,Randolph,65+,9174,9174,4583,4583,0.0,0.0,2021-07-05,0.0,0.0,0.0,0.0,0.3967993079584775,0.3929857657348654
0,Scott,16-64,1699,1699,852,852,0.0,0.0,2021-07-05,0.0,0.0,0.0,0.0,0.5640770252324038,0.5657370517928287
1,Scott,65+,1277,1277,638,638,0.0,0.0,2021-07-05,0.0,0.0,0.0,0.0,0.42397078353253653,0.42363877822045154
0,Stark,16-64,2247,2247,1143,1143,0.0,0.0,2021-07-05,0.0,0.0,0.0,0.0,0.5314569536423841,0.5368717707844058
1,Stark,65+,1881,1881,944,944,0.0,0.0,2021-07-05,0.0,0.0,0.0,0.0,0.4448912015137181,0.443400657585721
0,Macoupin,16-64,20821,20821,10435,10435,0.0,0.0,2021-07-05,0.0,0.0,0.0,0.0,0.5825522509163146,0.5842992328797805
1,Macoupin,65+,14262,14262,7142,7142,0.0,0.0,2021-07-05,0.0,0.0,0.0,0.0,0.39903751993508857,0.399910409317431
0,Coles,16-64,19491,19491,10276,10276,0.0,0.0,2021-07-05,0.0,0.0,0.0,0.0,0.6000738893506973,0.6149611011370437
1,Coles,65+,12491,12491,6249,6249,0.0,0.0,2021-07-05,0.0,0.0,0.0,0.0,0.3845632831501493,0.373967684021544
0,Washington,16-64,6465,6465,3458,3458,0.0,0.0,2021-07-05,0.0,0.0,0.0,0.0,0.5951942552016203,0.6039119804400978
1,Washington,65+,4236,4236,2209,2209,0.0,0.0,2021-07-05,0.0,0.0,0.0,0.0,0.3899834284662125,0.38578414250785886
0,Iroquois,16-64,10367,10367,5269,5269,0.0,0.0,2021-07-05,0.0,0.0,0.0,0.0,0.5601361573373677,0.5637102813737028
1,Iroquois,65+,7894,7894,3987,3987,0.0,0.0,2021-07-05,0.0,0.0,0.0,0.0,0.42651826237302787,0.42655397453728466
0,Saline,16-64,8024,8024,4234,4234,0.0,0.0,2021-07-05,0.0,0.0,0.0,0.0,0.5492880613362541,0.5557159732248327
1,Saline,65+,6409,6409,3315,3315,0.0,0.0,2021-07-05,0.0,0.0,0.0,0.0,0.43873220153340636,0.43509646935293345
0,Hardin,16-64,879,879,436,436,0.0,0.0,2021-07-05,0.0,0.0,0.0,0.0,0.44915687276443533,0.45275181723779856
1,Hardin,65+,1060,1060,521,521,0.0,0.0,2021-07-05,0.0,0.0,0.0,0.0,0.5416453755748595,0.5410176531671859
0,McDonough,16-64,12679,12679,6757,6757,0.0,0.0,2021-07-05,0.0,0.0,0.0,0.0,0.5910955710955711,0.605683040516314
1,McDonough,65+,8172,8172,4142,4142,0.0,0.0,2021-07-05,0.0,0.0,0.0,0.0,0.380979020979021,0.3712800286841162
0,Mercer,16-64,7266,7266,3670,3670,0.0,0.0,2021-07-05,0.0,0.0,0.0,0.0,0.5634742148119426,0.5674087816944959
1,Mercer,65+,5278,5278,2646,2646,0.0,0.0,2021-07-05,0.0,0.0,0.0,0.0,0.40930593253198916,0.4090909090909091
0,Jasper,16-64,3138,3138,1605,1605,0.0,0.0,2021-07-05,0.0,0.0,0.0,0.0,0.5229128478586902,0.5366098294884654
1,Jasper,65+,2822,2822,1373,1373,0.0,0.0,2021-07-05,0.0,0.0,0.0,0.0,0.4702549575070821,0.4590437980608492
0,Henry,16-64,25466,25466,12849,12849,0.0,0.0,2021-07-05,0.0,0.0,0.0,0.0,0.5955148142085448,0.6008136163845507
1,Henry,65+,16032,16032,8014,8014,0.0,0.0,2021-07-05,0.0,0.0,0.0,0.0,0.37490353810537147,0.3747311325165996
0,Clay,16-64,3589,3589,1886,1886,0.0,0.0,2021-07-05,0.0,0.0,0.0,0.0,0.5101634683724235,0.5178473366282262
1,Clay,65+,3406,3406,1741,1741,0.0,0.0,2021-07-05,0.0,0.0,0.0,0.0,0.4841506751954513,0.4780340472267985
0,Logan,16-64,14085,14085,7464,7464,0.0,0.0,2021-07-05,0.0,0.0,0.0,0.0,0.6244458237276113,0.6312584573748309
1,Logan,65+,8046,8046,4182,4182,0.0,0.0,2021-07-05,0.0,0.0,0.0,0.0,0.3567121830111722,0.3536874154262517
0,Cumberland,16-64,3117,3117,1667,1667,0.0,0.0,2021-07-05,0.0,0.0,0.0,0.0,0.5294717173432988,0.5451275343361675
1,Cumberland,65+,2725,2725,1378,1378,0.0,0.0,2021-07-05,0.0,0.0,0.0,0.0,0.46288432138610497,0.45062132112491826
0,Gallatin,16-64,1687,1687,884,884,0.0,0.0,2021-07-05,0.0,0.0,0.0,0.0,0.5386334610472542,0.5443349753694581
1,Gallatin,65+,1411,1411,726,726,0.0,0.0,2021-07-05,0.0,0.0,0.0,0.0,0.4505108556832695,0.44704433497536944
0,Perry,16-64,8335,8335,4213,4213,0.0,0.0,2021-07-05,0.0,0.0,0.0,0.0,0.5866000422267577,0.5883256528417818
1,Perry,65+,5727,5727,2892,2892,0.0,0.0,2021-07-05,0.0,0.0,0.0,0.0,0.40305440213948907,0.4038542103058232
0,Richland,16-64,5443,5443,2841,2841,0.0,0.0,2021-07-05,0.0,0.0,0.0,0.0,0.5439736158305017,0.5513293227246264
1,Richland,65+,4418,4418,2247,2247,0.0,0.0,2021-07-05,0.0,0.0,0.0,0.0,0.44153507895262845,0.4360566660197943
0,Williamson,16-64,27387,27387,14438,14438,0.0,0.0,2021-07-05,0.0,0.0,0.0,0.0,0.5957451436775358,0.6089670589227719
1,Williamson,65+,17729,17729,8936,8936,0.0,0.0,2021-07-05,0.0,0.0,0.0,0.0,0.38565617454482176,0.3769032856721076
0,Kendall,16-64,99244,99244,48440,48440,0.0,0.0,2021-07-05,0.0,0.0,0.0,0.0,0.761762944996239,0.7677433670396551
1,Kendall,65+,24761,24761,12077,12077,0.0,0.0,2021-07-05,0.0,0.0,0.0,0.0,0.19005695337805684,0.1914128126287761
0,St. Clair,16-64,140141,140141,70150,70150,0.0,0.0,2021-07-05,0.0,0.0,0.0,0.0,0.661769775271879,0.6659578305818469
1,St. Clair,65+,65049,65049,32526,32526,0.0,0.0,2021-07-05,0.0,0.0,0.0,0.0,0.307172505631189,0.30878039055602496
0,Monroe,16-64,20168,20168,10274,10274,0.0,0.0,2021-07-05,0.0,0.0,0.0,0.0,0.6432763460066343,0.6503766537950244
1,Monroe,65+,10436,10436,5223,5223,0.0,0.0,2021-07-05,0.0,0.0,0.0,0.0,0.33286552692013266,0.33063239855668797
0,Livingston,16-64,16121,16121,8139,8139,0.0,0.0,2021-07-05,0.0,0.0,0.0,0.0,0.5961026475373465,0.6036042717294572
1,Livingston,65+,10543,10543,5217,5217,0.0,0.0,2021-07-05,0.0,0.0,0.0,0.0,0.3898461766010945,0.3869029961435776
0,Macon,16-64,46614,46614,23647,23647,0.0,0.0,2021-07-05,0.0,0.0,0.0,0.0,0.598513154346905,0.6032705750293382
1,Macon,65+,29743,29743,14949,14949,0.0,0.0,2021-07-05,0.0,0.0,0.0,0.0,0.3818933528497875,0.3813714985458442
0,DuPage,16-64,756383,756383,369509,369509,0.0,0.0,2021-07-05,0.0,0.0,0.0,0.0,0.6952643930041814,0.6932587621458041
1,DuPage,65+,258908,258908,127930,127930,0.0,0.0,2021-07-05,0.0,0.0,0.0,0.0,0.23798725442524038,0.24001741078380423
0,Wabash,16-64,3756,3756,1972,1972,0.0,0.0,2021-07-05,0.0,0.0,0.0,0.0,0.5270099621158973,0.5365986394557823
1,Wabash,65+,3309,3309,1676,1676,0.0,0.0,2021-07-05,0.0,0.0,0.0,0.0,0.4642907254104111,0.4560544217687075
0,LaSalle,16-64,60958,60958,29450,29450,0.0,0.0,2021-07-05,0.0,0.0,0.0,0.0,0.6343778293492627,0.6342471948829497
1,LaSalle,65+,32858,32858,16094,16094,0.0,0.0,2021-07-05,0.0,0.0,0.0,0.0,0.3419466963607414,0.34660693903043094
0,Christian,16-64,12100,12100,6103,6103,0.0,0.0,2021-07-05,0.0,0.0,0.0,0.0,0.56026299949067,0.555221979621543
1,Christian,65+,9273,9273,4810,4810,0.0,0.0,2021-07-05,0.0,0.0,0.0,0.0,0.429365189609668,0.43759097525473073
0,Cook,16-64,1891841,1891841,926398,926398,0.0,0.0,2021-07-05,0.0,0.0,0.0,0.0,0.7063230183584749,0.7079728120734692
1,Cook,65+,678689,678689,336369,336369,0.0,0.0,2021-07-05,0.0,0.0,0.0,0.0,0.25339003806699134,0.2570602557694865
0,Stephenson,16-64,18717,18717,9755,9755,0.0,0.0,2021-07-05,0.0,0.0,0.0,0.0,0.5468649564658447,0.5580025168744995
1,Stephenson,65+,14815,14815,7437,7437,0.0,0.0,2021-07-05,0.0,0.0,0.0,0.0,0.43285806112312275,0.42540899210616634
0,Whiteside,16-64,27726,27726,14283,14283,0.0,0.0,2021-07-05,0.0,0.0,0.0,0.0,0.6098988121425429,0.6185526828634533
1,Whiteside,65+,16624,16624,8361,8361,0.0,0.0,2021-07-05,0.0,0.0,0.0,0.0,0.3656841179058513,0.36208912563336365
0,Mason,16-64,6085,6085,3160,3160,0.0,0.0,2021-07-05,0.0,0.0,0.0,0.0,0.574815794445494,0.5820593111070179
1,Mason,65+,4354,4354,2206,2206,0.0,0.0,2021-07-05,0.0,0.0,0.0,0.0,0.411297940676365,0.4063363418677473
0,Wayne,16-64,4670,4670,2379,2379,0.0,0.0,2021-07-05,0.0,0.0,0.0,0.0,0.5217877094972067,0.5235475352112676
1,Wayne,65+,4216,4216,2143,2143,0.0,0.0,2021-07-05,0.0,0.0,0.0,0.0,0.47106145251396647,0.47161091549295775
0,Ogle,16-64,27215,27215,13689,13689,0.0,0.0,2021-07-05,0.0,0.0,0.0,0.0,0.6385200131387546,0.6426458851697103
1,Ogle,65+,14257,14257,7135,7135,0.0,0.0,2021-07-05,0.0,0.0,0.0,0.0,0.3344986157383511,0.3349607999624431
0,Lawrence,16-64,5706,5706,2924,2924,0.0,0.0,2021-07-05,0.0,0.0,0.0,0.0,0.6022163588390501,0.6052577106189195
1,Lawrence,65+,3719,3719,1884,1884,0.0,0.0,2021-07-05,0.0,0.0,0.0,0.0,0.3925065963060686,0.3899813703167046
0,Madison,16-64,142717,142717,73324,73324,0.0,0.0,2021-07-05,0.0,0.0,0.0,0.0,0.6528204705968456,0.6578326440164001
1,Madison,65+,69578,69578,35571,35571,0.0,0.0,2021-07-05,0.0,0.0,0.0,0.0,0.31826581768946466,0.31912832060863244
0,Rock Island,16-64,70000,70000,33276,33276,0.0,0.0,2021-07-05,0.0,0.0,0.0,0.0,0.6217469312347894,0.6169534262830021
1,Rock Island,65+,39899,39899,19708,19708,0.0,0.0,2021-07-05,0.0,0.0,0.0,0.0,0.35438686870481234,0.3653960249184218
0,Montgomery,16-64,13240,13240,6438,6438,0.0,0.0,2021-07-05,0.0,0.0,0.0,0.0,0.6023383831490833,0.5972724742554968
1,Montgomery,65+,8462,8462,4237,4237,0.0,0.0,2021-07-05,0.0,0.0,0.0,0.0,0.3849688367226241,0.39307913535578437
0,Hamilton,16-64,1907,1907,1013,1013,0.0,0.0,2021-07-05,0.0,0.0,0.0,0.0,0.5104389721627409,0.5178936605316974
1,Hamilton,65+,1805,1805,933,933,0.0,0.0,2021-07-05,0.0,0.0,0.0,0.0,0.48313704496788007,0.47699386503067487
0,Jefferson,16-64,13701,13701,6729,6729,0.0,0.0,2021-07-05,0.0,0.0,0.0,0.0,0.5779549481144014,0.5781424521006959
1,Jefferson,65+,9740,9740,4804,4804,0.0,0.0,2021-07-05,0.0,0.0,0.0,0.0,0.41086644731291655,0.41275023627459406
0,Jackson,16-64,27730,27730,14690,14690,0.0,0.0,2021-07-05,0.0,0.0,0.0,0.0,0.6639530707530229,0.6756197396863358
1,Jackson,65+,12979,12979,6605,6605,0.0,0.0,2021-07-05,0.0,0.0,0.0,0.0,0.31076260026337843,0.3037759278848365
0,Lee,16-64,19684,19684,10157,10157,0.0,0.0,2021-07-05,0.0,0.0,0.0,0.0,0.6433100202627623,0.6514655891219293
1,Lee,65+,10284,10284,5168,5168,0.0,0.0,2021-07-05,0.0,0.0,0.0,0.0,0.33610039871887054,0.33147328587005326
0,McLean,16-64,118374,118374,59021,59021,0.0,0.0,2021-07-05,0.0,0.0,0.0,0.0,0.7205975455342359,0.7250558954325447
1,McLean,65+,39577,39577,19666,19666,0.0,0.0,2021-07-05,0.0,0.0,0.0,0.0,0.24092359014317716,0.24159111569740302
0,Moultrie,16-64,4446,4446,2492,2492,0.0,0.0,2021-07-05,0.0,0.0,0.0,0.0,0.5287192293970746,0.550961751050188
1,Moultrie,65+,3860,3860,1988,1988,0.0,0.0,2021-07-05,0.0,0.0,0.0,0.0,0.459031989535022,0.43953128454565554
0,Kankakee,16-64,49091,49091,24962,24962,0.0,0.0,2021-07-05,0.0,0.0,0.0,0.0,0.6435378786885676,0.647170153742449
1,Kankakee,65+,25631,25631,12993,12993,0.0,0.0,2021-07-05,0.0,0.0,0.0,0.0,0.3359988464009019,0.3368592984366493
0,Bureau,16-64,16060,16060,7854,7854,0.0,0.0,2021-07-05,0.0,0.0,0.0,0.0,0.5855330319381654,0.5884468419869634
1,Bureau,65+,10790,10790,5268,5268,0.0,0.0,2021-07-05,0.0,0.0,0.0,0.0,0.39339361236692433,0.3946954371768937
0,Effingham,16-64,13269,13269,6810,6810,0.0,0.0,2021-07-05,0.0,0.0,0.0,0.0,0.5808527403256872,0.5888965755793844
1,Effingham,65+,9372,9372,4678,4678,0.0,0.0,2021-07-05,0.0,0.0,0.0,0.0,0.4102609000175101,0.4045313040470426
0,Vermilion,16-64,24892,24892,13683,13683,0.0,0.0,2021-07-05,0.0,0.0,0.0,0.0,0.5591571759103264,0.5737106918238993
1,Vermilion,65+,18960,18960,9909,9909,0.0,0.0,2021-07-05,0.0,0.0,0.0,0.0,0.4259047105600108,0.41547169811320755
0,De Witt,16-64,7079,7079,3635,3635,0.0,0.0,2021-07-05,0.0,0.0,0.0,0.0,0.6040102389078499,0.6116439508665658
1,De Witt,65+,4413,4413,2215,2215,0.0,0.0,2021-07-05,0.0,0.0,0.0,0.0,0.3765358361774744,0.37270738684166244
0,Douglas,16-64,8239,8239,4135,4135,0.0,0.0,2021-07-05,0.0,0.0,0.0,0.0,0.6165531691985333,0.6233041905336147
1,Douglas,65+,4879,4879,2407,2407,0.0,0.0,2021-07-05,0.0,0.0,0.0,0.0,0.3651126244106862,0.36282785649683447
0,Chicago,16-64,2199065,2199065,1071108,1071108,0.0,0.0,2021-07-05,0.0,0.0,0.0,0.0,0.7938083336221137,0.7975428328902987
1,Chicago,65+,489208,489208,237989,237989,0.0,0.0,2021-07-05,0.0,0.0,0.0,0.0,0.1765920458352104,0.17720567977900387
0,Marion,16-64,12130,12130,6266,6266,0.0,0.0,2021-07-05,0.0,0.0,0.0,0.0,0.5377011392348952,0.5462946817785528
1,Marion,65+,10172,10172,5116,5116,0.0,0.0,2021-07-05,0.0,0.0,0.0,0.0,0.4509065118134669,0.44603312990409766
0,Winnebago,16-64,156607,156607,77465,77465,0.0,0.0,2021-07-05,0.0,0.0,0.0,0.0,0.656291906933083,0.659394444964632
1,Winnebago,65+,75891,75891,37638,37638,0.0,0.0,2021-07-05,0.0,0.0,0.0,0.0,0.31803590586026553,0.3203806637782072
0,Grundy,16-64,29757,29757,14623,14623,0.0,0.0,2021-07-05,0.0,0.0,0.0,0.0,0.6954032389988549,0.7008723159509203
1,Grundy,65+,11844,11844,5778,5778,0.0,0.0,2021-07-05,0.0,0.0,0.0,0.0,0.276787174873221,0.27693634969325154
0,Jo Daviess,16-64,7894,7894,4450,4450,0.0,0.0,2021-07-05,0.0,0.0,0.0,0.0,0.5156107119529719,0.5394593284034428
1,Jo Daviess,65+,7196,7196,3700,3700,0.0,0.0,2021-07-05,0.0,0.0,0.0,0.0,0.4700195950359242,0.4485392168747727
0,Lake,16-64,522813,522813,254932,254932,0.0,0.0,2021-07-05,0.0,0.0,0.0,0.0,0.7260656359235234,0.7295256246261972
1,Lake,65+,160958,160958,79375,79375,0.0,0.0,2021-07-05,0.0,0.0,0.0,0.0,0.22353321862114842,0.2271433027423172
0,Franklin,16-64,12108,12108,6206,6206,0.0,0.0,2021-07-05,0.0,0.0,0.0,0.0,0.5354915748971739,0.5420087336244541
1,Franklin,65+,10209,10209,5130,5130,0.0,0.0,2021-07-05,0.0,0.0,0.0,0.0,0.45150590420591746,0.4480349344978166
0,Will,16-64,504746,504746,245316,245316,0.0,0.0,2021-07-05,0.0,0.0,0.0,0.0,0.7368479446195441,0.740585546693394
1,Will,65+,151232,151232,73878,73878,0.0,0.0,2021-07-05,0.0,0.0,0.0,0.0,0.22077438624714785,0.2230306177282141
0,DeKalb,16-64,64145,64145,31272,31272,0.0,0.0,2021-07-05,0.0,0.0,0.0,0.0,0.7154089803930316,0.7172312561638494
1,DeKalb,65+,22676,22676,11111,11111,0.0,0.0,2021-07-05,0.0,0.0,0.0,0.0,0.2529053556690683,0.25483360473383637
0,White,16-64,4073,4073,2158,2158,0.0,0.0,2021-07-05,0.0,0.0,0.0,0.0,0.5109131961866533,0.5180028804608737
1,White,65+,3777,3777,1956,1956,0.0,0.0,2021-07-05,0.0,0.0,0.0,0.0,0.47378324134470645,0.46951512241958715
0,Kane,16-64,381309,381309,186534,186534,0.0,0.0,2021-07-05,0.0,0.0,0.0,0.0,0.7287542476215231,0.7317239647895059
1,Kane,65+,121156,121156,59935,59935,0.0,0.0,2021-07-05,0.0,0.0,0.0,0.0,0.23155223093300512,0.2351092874739138
0,Carroll,16-64,5123,5123,2743,2743,0.0,0.0,2021-07-05,0.0,0.0,0.0,0.0,0.5272203354944942,0.5343853496980323
1,Carroll,65+,4514,4514,2358,2358,0.0,0.0,2021-07-05,0.0,0.0,0.0,0.0,0.46454667078316353,0.45938047925189945
0,McHenry,16-64,218426,218426,106168,106168,0.0,0.0,2021-07-05,0.0,0.0,0.0,0.0,0.7148500270000491,0.7160740301084552
1,McHenry,65+,76395,76395,37762,37762,0.0,0.0,2021-07-05,0.0,0.0,0.0,0.0,0.2500204545826447,0.25469432903469486
0,Edgar,16-64,5355,5355,2902,2902,0.0,0.0,2021-07-05,0.0,0.0,0.0,0.0,0.512489233419466,0.5331618592687856
1,Edgar,65+,4967,4967,2489,2489,0.0,0.0,2021-07-05,0.0,0.0,0.0,0.0,0.4753564934443487,0.4572845857064119
0,Clark,16-64,5401,5401,2745,2745,0.0,0.0,2021-07-05,0.0,0.0,0.0,0.0,0.5504484304932735,0.5558930741190765
1,Clark,65+,4281,4281,2145,2145,0.0,0.0,2021-07-05,0.0,0.0,0.0,0.0,0.43630248675091726,0.43438639125151884
0,Edwards,16-64,1537,1537,822,822,0.0,0.0,2021-07-05,0.0,0.0,0.0,0.0,0.4865463754352643,0.4963768115942029
1,Edwards,65+,1601,1601,826,826,0.0,0.0,2021-07-05,0.0,0.0,0.0,0.0,0.5068059512503957,0.49879227053140096
0,Boone,16-64,32091,32091,15875,15875,0.0,0.0,2021-07-05,0.0,0.0,0.0,0.0,0.681453325405589,0.6877951561890733
1,Boone,65+,13429,13429,6611,6611,0.0,0.0,2021-07-05,0.0,0.0,0.0,0.0,0.28516520852798777,0.28642606472856463
0,Pope,16-64,916,916,459,459,0.0,0.0,2021-07-05,0.0,0.0,0.0,0.0,0.470467385721623,0.47125256673511295
1,Pope,65+,1019,1019,513,513,0.0,0.0,2021-07-05,0.0,0.0,0.0,0.0,0.5233692860811505,0.526694045174538
0,Johnson,16-64,4974,4974,2496,2496,0.0,0.0,2021-07-05,0.0,0.0,0.0,0.0,0.6136952498457742,0.6138711264141663
1,Johnson,65+,3069,3069,1547,1547,0.0,0.0,2021-07-05,0.0,0.0,0.0,0.0,0.3786551511412708,0.3804722085587801
0,Henderson,16-64,1237,1237,665,665,0.0,0.0,2021-07-05,0.0,0.0,0.0,0.0,0.4600223131275567,0.472636815920398
1,Henderson,65+,1437,1437,736,736,0.0,0.0,2021-07-05,0.0,0.0,0.0,0.0,0.5343994049832651,0.5230987917555082
0,Shelby,16-64,5598,5598,3241,3241,0.0,0.0,2021-07-05,0.0,0.0,0.0,0.0,0.5082622117305248,0.5216481570899726
1,Shelby,65+,5328,5328,2940,2940,0.0,0.0,2021-07-05,0.0,0.0,0.0,0.0,0.48374795714545127,0.4732013520038629
0,Fayette,16-64,4897,4897,2642,2642,0.0,0.0,2021-07-05,0.0,0.0,0.0,0.0,0.5081984225819842,0.5217219589257504
1,Fayette,65+,4664,4664,2399,2399,0.0,0.0,2021-07-05,0.0,0.0,0.0,0.0,0.4840182648401826,0.47373617693522907
0,Pulaski,16-64,1329,1329,689,689,0.0,0.0,2021-07-05,0.0,0.0,0.0,0.0,0.5600505689001264,0.5675453047775947
1,Pulaski,65+,1019,1019,518,518,0.0,0.0,2021-07-05,0.0,0.0,0.0,0.0,0.42941424357353564,0.42668863261943984
0,Massac,16-64,4065,4065,1974,1974,0.0,0.0,2021-07-05,0.0,0.0,0.0,0.0,0.5239752513534416,0.5201581027667984
1,Massac,65+,3605,3605,1789,1789,0.0,0.0,2021-07-05,0.0,0.0,0.0,0.0,0.4646816189739624,0.4714097496706192
0,Alexander,16-64,962,962,481,481,0.0,0.0,2021-07-05,0.0,0.0,0.0,0.0,0.5362318840579711,0.5441176470588235
1,Alexander,65+,822,822,400,400,0.0,0.0,2021-07-05,0.0,0.0,0.0,0.0,0.45819397993311034,0.45248868778280543
