,county_name,race,administered_count,allocated_doses,persons_fully_vaccinated,report_date,administered_count_pct,persons_fully_vaccinated_pct
0,Illinois,Other race,214281,0,95490,2021-04-17,0.02660344343392884,0.028671542840671613
1,Illinois,Black or African-American,708149,0,288378,2021-04-17,0.08791820956731243,0.08658751891619226
2,Illinois,Native Hawaiian or Other Pacif,14107,0,5610,2021-04-17,0.001751414154882767,0.001684441882251207
3,Illinois,White,5279400,0,2257408,2021-04-17,0.6554487764434734,0.6778025990247653
4,Illinois,Asian,490210,0,185804,2021-04-17,0.06086061762707033,0.055788955345775985
5,Illinois,American Indian or Alaska Nati,23138,0,9088,2021-04-17,0.002872632077385515,0.0027287357978429535
6,Illinois,Hispanic or Latino,879864,0,322831,2021-04-17,0.10923699326375351,0.09693227402656675
7,Illinois,Unknown,445485,0,165871,2021-04-17,0.05530791343219319,0.04980393216593404
0,Adams,Hispanic or Latino,476,0,254,2021-04-17,0.011336842355967323,0.011441956844902923
1,Adams,Asian,331,0,173,2021-04-17,0.007883392478624336,0.007793143835307896
2,Adams,Other race,71,0,38,2021-04-17,0.001690999595112773,0.0017117888193161853
3,Adams,Black or African-American,1063,0,583,2021-04-17,0.02531736013527997,0.026262444254245686
4,Adams,White,39153,0,20718,2021-04-17,0.9325029175697239,0.9332852831208613
5,Adams,American Indian or Alaska Nati,53,0,27,2021-04-17,0.0012622954724081264,0.0012162710031983423
6,Adams,Native Hawaiian or Other Pacif,52,0,25,2021-04-17,0.0012384785767023125,0.0011261768548132798
7,Adams,Unknown,787,0,380,2021-04-17,0.018743896920475386,0.017117888193161856
0,Champaign,White,104060,0,46359,2021-04-17,0.726037146086544,0.7495392077607114
1,Champaign,Black or African-American,9558,0,4093,2021-04-17,0.06668713283005177,0.06617623282134195
2,Champaign,American Indian or Alaska Nati,333,0,133,2021-04-17,0.002323374684286173,0.002150363783346807
3,Champaign,Native Hawaiian or Other Pacif,162,0,67,2021-04-17,0.00113029038695003,0.0010832659660468876
4,Champaign,Other race,4479,0,1925,2021-04-17,0.03125043606882213,0.03112368633791431
5,Champaign,Asian,13793,0,4919,2021-04-17,0.09623515621729484,0.07953112368633791
6,Champaign,Unknown,4996,0,1940,2021-04-17,0.03485759736544661,0.031366208569118835
7,Champaign,Hispanic or Latino,5944,0,2413,2021-04-17,0.04147188925945049,0.039013742926434926
0,Cass,Unknown,102,0,43,2021-04-17,0.012773951158422042,0.011375661375661376
1,Cass,Hispanic or Latino,1300,0,582,2021-04-17,0.1628052598622417,0.15396825396825398
2,Cass,White,6170,0,2951,2021-04-17,0.7726988102692548,0.7806878306878307
3,Cass,Asian,119,0,58,2021-04-17,0.014902943018159049,0.015343915343915344
4,Cass,American Indian or Alaska Nati,10,0,4,2021-04-17,0.0012523481527864746,0.0010582010582010583
5,Cass,Other race,35,0,18,2021-04-17,0.004383218534752661,0.004761904761904762
6,Cass,Black or African-American,226,0,113,2021-04-17,0.028303068252974326,0.029894179894179893
7,Cass,Native Hawaiian or Other Pacif,23,0,11,2021-04-17,0.0028804007514088917,0.00291005291005291
0,Putnam,White,3449,0,1529,2021-04-17,0.9377379010331702,0.9391891891891891
1,Putnam,Asian,9,0,3,2021-04-17,0.0024469820554649264,0.0018427518427518428
2,Putnam,Unknown,94,0,46,2021-04-17,0.0255573681348559,0.028255528255528257
3,Putnam,Hispanic or Latino,80,0,25,2021-04-17,0.021750951604132682,0.015356265356265357
4,Putnam,Other race,33,0,20,2021-04-17,0.00897226753670473,0.012285012285012284
5,Putnam,Black or African-American,10,0,4,2021-04-17,0.0027188689505165853,0.002457002457002457
6,Putnam,American Indian or Alaska Nati,2,0,0,2021-04-17,0.000543773790103317,0.0
0,Jersey,Asian,27,0,10,2021-04-17,0.001993797075764289,0.0015822784810126582
1,Jersey,Black or African-American,40,0,20,2021-04-17,0.002953773445576724,0.0031645569620253164
2,Jersey,Unknown,447,0,193,2021-04-17,0.033008418254319896,0.030537974683544303
3,Jersey,Hispanic or Latino,61,0,32,2021-04-17,0.0045045045045045045,0.005063291139240506
4,Jersey,White,12935,0,6051,2021-04-17,0.9551764879633732,0.9574367088607595
5,Jersey,American Indian or Alaska Nati,5,0,3,2021-04-17,0.0003692216806970905,0.00047468354430379745
6,Jersey,Other race,26,0,10,2021-04-17,0.0019199527396248708,0.0015822784810126582
7,Jersey,Native Hawaiian or Other Pacif,1,0,1,2021-04-17,7.38443361394181e-05,0.00015822784810126583
0,Peoria,Asian,4589,0,1761,2021-04-17,0.0387954720298934,0.0342333935965475
1,Peoria,Native Hawaiian or Other Pacif,92,0,42,2021-04-17,0.000777769323763389,0.0008164693532396337
2,Peoria,American Indian or Alaska Nati,189,0,68,2021-04-17,0.0015978087194704405,0.0013219027623879785
3,Peoria,Hispanic or Latino,3180,0,1193,2021-04-17,0.02688376575616932,0.02319161758130674
4,Peoria,Black or African-American,10796,0,4576,2021-04-17,0.09126953934075596,0.08895628001010866
5,Peoria,White,94916,0,42022,2021-04-17,0.802421229720933,0.8168970276627593
6,Peoria,Unknown,2935,0,1121,2021-04-17,0.024812532230929857,0.021791955832895938
7,Peoria,Other race,1589,0,657,2021-04-17,0.013433428863695926,0.012771913454248556
0,Greene,Native Hawaiian or Other Pacif,1,0,1,2021-04-17,0.00016126431220770844,0.00033944331296673454
1,Greene,Black or African-American,13,0,5,2021-04-17,0.0020964360587002098,0.0016972165648336728
2,Greene,American Indian or Alaska Nati,6,0,3,2021-04-17,0.0009675858732462506,0.0010183299389002036
3,Greene,Hispanic or Latino,22,0,8,2021-04-17,0.0035478148685695854,0.0027155465037338763
4,Greene,Unknown,70,0,28,2021-04-17,0.01128850185453959,0.009504412763068567
5,Greene,White,6077,0,2897,2021-04-17,0.9800032252862442,0.9833672776646301
6,Greene,Asian,3,0,0,2021-04-17,0.0004837929366231253,0.0
7,Greene,Other race,9,0,4,2021-04-17,0.001451378809869376,0.0013577732518669382
0,Calhoun,Asian,2,0,1,2021-04-17,0.0007312614259597807,0.0007380073800738007
1,Calhoun,Unknown,45,0,23,2021-04-17,0.016453382084095063,0.016974169741697416
2,Calhoun,White,2667,0,1321,2021-04-17,0.9751371115173675,0.9749077490774908
3,Calhoun,Other race,4,0,2,2021-04-17,0.0014625228519195613,0.0014760147601476014
4,Calhoun,Hispanic or Latino,15,0,7,2021-04-17,0.005484460694698354,0.0051660516605166054
5,Calhoun,Black or African-American,2,0,1,2021-04-17,0.0007312614259597807,0.0007380073800738007
0,Morgan,Unknown,275,0,122,2021-04-17,0.012790102785916933,0.01206248764089381
1,Morgan,Other race,39,0,17,2021-04-17,0.0018138691223664016,0.0016808384417638916
2,Morgan,American Indian or Alaska Nati,23,0,7,2021-04-17,0.0010697176875494162,0.0006921099466086612
3,Morgan,White,20351,0,9604,2021-04-17,0.9465141156225292,0.9495748467470833
4,Morgan,Black or African-American,435,0,197,2021-04-17,0.020231617134086787,0.01947795135455804
5,Morgan,Hispanic or Latino,227,0,109,2021-04-17,0.010557648481465978,0.01077714059719201
6,Morgan,Asian,133,0,50,2021-04-17,0.00618575880191619,0.004943642475776152
7,Morgan,Native Hawaiian or Other Pacif,18,0,8,2021-04-17,0.0008371703641691084,0.0007909827961241843
0,Schuyler,Unknown,57,0,31,2021-04-17,0.013626583791537174,0.015531062124248497
1,Schuyler,Black or African-American,91,0,46,2021-04-17,0.02175472149175233,0.023046092184368736
2,Schuyler,Hispanic or Latino,32,0,15,2021-04-17,0.007650011953143677,0.00751503006012024
3,Schuyler,Native Hawaiian or Other Pacif,6,0,3,2021-04-17,0.0014343772412144394,0.001503006012024048
4,Schuyler,Other race,13,0,7,2021-04-17,0.0031078173559646186,0.0035070140280561123
5,Schuyler,American Indian or Alaska Nati,13,0,7,2021-04-17,0.0031078173559646186,0.0035070140280561123
6,Schuyler,White,3966,0,1885,2021-04-17,0.9481233564427445,0.9443887775551102
7,Schuyler,Asian,5,0,2,2021-04-17,0.0011953143676786994,0.001002004008016032
0,Ford,Unknown,477,0,248,2021-04-17,0.060356826521574085,0.07365607365607366
1,Ford,Black or African-American,24,0,7,2021-04-17,0.0030368214602049855,0.002079002079002079
2,Ford,Other race,71,0,31,2021-04-17,0.008983930153106416,0.009207009207009207
3,Ford,American Indian or Alaska Nati,6,0,2,2021-04-17,0.0007592053650512464,0.000594000594000594
4,Ford,White,7173,0,3024,2021-04-17,0.9076300139187651,0.8981288981288982
5,Ford,Asian,37,0,16,2021-04-17,0.004681766417816019,0.004752004752004752
6,Ford,Native Hawaiian or Other Pacif,6,0,3,2021-04-17,0.0007592053650512464,0.000891000891000891
7,Ford,Hispanic or Latino,109,0,36,2021-04-17,0.013792230798430975,0.010692010692010692
0,Knox,Black or African-American,817,0,323,2021-04-17,0.025498579944446178,0.023291029708681858
1,Knox,Other race,185,0,76,2021-04-17,0.005773852251802378,0.0054802422843957315
2,Knox,Asian,247,0,72,2021-04-17,0.0077088730064604725,0.005191808479953851
3,Knox,White,28658,0,12593,2021-04-17,0.8944165288224463,0.9080617248341506
4,Knox,Hispanic or Latino,604,0,225,2021-04-17,0.018850847351830468,0.016224401499855785
5,Knox,Unknown,1482,0,559,2021-04-17,0.046253238038762835,0.04030862417075281
6,Knox,American Indian or Alaska Nati,38,0,15,2021-04-17,0.0011859804625323803,0.001081626766657052
7,Knox,Native Hawaiian or Other Pacif,9,0,5,2021-04-17,0.00028089010954714274,0.00036054225555235076
0,Sangamon,Asian,2914,0,1216,2021-04-17,0.020242015032162157,0.01866118289800804
1,Sangamon,White,125472,0,57215,2021-04-17,0.8715875463676905,0.8780424173598109
2,Sangamon,Hispanic or Latino,1379,0,580,2021-04-17,0.009579182817210576,0.008900893158589362
3,Sangamon,Unknown,3554,0,1405,2021-04-17,0.024687756151099628,0.02156164635830699
4,Sangamon,Native Hawaiian or Other Pacif,160,0,74,2021-04-17,0.001111435279734367,0.0011356311960958841
5,Sangamon,Black or African-American,8853,0,3958,2021-04-17,0.06149710332180219,0.06074092262361499
6,Sangamon,American Indian or Alaska Nati,264,0,115,2021-04-17,0.0018338682115617054,0.001764832264203063
7,Sangamon,Other race,1362,0,599,2021-04-17,0.009461092818738798,0.009192474141370737
0,Hancock,Hispanic or Latino,84,0,48,2021-04-17,0.009429726088908847,0.01090909090909091
1,Hancock,Other race,32,0,14,2021-04-17,0.003592276605298608,0.003181818181818182
2,Hancock,American Indian or Alaska Nati,9,0,5,2021-04-17,0.0010103277952402336,0.0011363636363636363
3,Hancock,Black or African-American,18,0,10,2021-04-17,0.002020655590480467,0.0022727272727272726
4,Hancock,White,8285,0,4107,2021-04-17,0.9300628648405928,0.9334090909090909
5,Hancock,Unknown,430,0,190,2021-04-17,0.04827121688370004,0.04318181818181818
6,Hancock,Native Hawaiian or Other Pacif,12,0,6,2021-04-17,0.001347103726986978,0.0013636363636363637
7,Hancock,Asian,38,0,20,2021-04-17,0.004265828468792097,0.004545454545454545
0,Pike,Unknown,40,0,18,2021-04-17,0.005445881552076242,0.004834810636583401
1,Pike,Black or African-American,13,0,7,2021-04-17,0.0017699115044247787,0.0018802041364491002
2,Pike,Other race,7,0,4,2021-04-17,0.0009530292716133424,0.0010744023636852001
3,Pike,White,7177,0,3647,2021-04-17,0.9771272974812798,0.9795863550899812
4,Pike,Native Hawaiian or Other Pacif,3,0,2,2021-04-17,0.0004084411164057182,0.0005372011818426001
5,Pike,American Indian or Alaska Nati,3,0,3,2021-04-17,0.0004084411164057182,0.0008058017727639
6,Pike,Asian,25,0,13,2021-04-17,0.0034036759700476512,0.0034918076819769003
7,Pike,Hispanic or Latino,77,0,29,2021-04-17,0.010483321987746767,0.0077894171367177
0,Piatt,Black or African-American,30,0,14,2021-04-17,0.0029239766081871343,0.002982530890498509
1,Piatt,Unknown,154,0,59,2021-04-17,0.015009746588693957,0.012569237324243716
2,Piatt,Hispanic or Latino,52,0,23,2021-04-17,0.0050682261208577,0.00489987217724755
3,Piatt,Native Hawaiian or Other Pacif,2,0,1,2021-04-17,0.0001949317738791423,0.00021303792074989347
4,Piatt,Other race,86,0,38,2021-04-17,0.00838206627680312,0.008095440988495952
5,Piatt,White,9888,0,4537,2021-04-17,0.9637426900584796,0.9665530464422667
6,Piatt,American Indian or Alaska Nati,4,0,1,2021-04-17,0.0003898635477582846,0.00021303792074989347
7,Piatt,Asian,44,0,21,2021-04-17,0.0042884990253411305,0.004473796335747763
0,Clinton,American Indian or Alaska Nati,33,0,16,2021-04-17,0.0014021669853409816,0.0014689680499449136
1,Clinton,Native Hawaiian or Other Pacif,20,0,8,2021-04-17,0.0008497981729339282,0.0007344840249724568
2,Clinton,White,22117,0,10247,2021-04-17,0.9397493095389845,0.9407822254865956
3,Clinton,Other race,150,0,72,2021-04-17,0.006373486297004461,0.006610356224752111
4,Clinton,Black or African-American,259,0,117,2021-04-17,0.01100488633949437,0.010741828865222182
5,Clinton,Hispanic or Latino,245,0,119,2021-04-17,0.01041002761844062,0.010925449871465296
6,Clinton,Unknown,612,0,268,2021-04-17,0.0260038240917782,0.024605214836577304
7,Clinton,Asian,98,0,45,2021-04-17,0.004164011047376248,0.00413147264047007
0,Crawford,Asian,53,0,23,2021-04-17,0.005148130160271977,0.004603682946357086
1,Crawford,Hispanic or Latino,126,0,76,2021-04-17,0.012238950947061681,0.01521216973578863
2,Crawford,American Indian or Alaska Nati,14,0,7,2021-04-17,0.001359883438562409,0.0014011208967173738
3,Crawford,Unknown,931,0,514,2021-04-17,0.0904322486644002,0.10288230584467574
4,Crawford,Native Hawaiian or Other Pacif,5,0,3,2021-04-17,0.00048567265662943174,0.0006004803843074459
5,Crawford,White,9010,0,4261,2021-04-17,0.875182127246236,0.8528823058446757
6,Crawford,Other race,40,0,18,2021-04-17,0.003885381253035454,0.003602882305844676
7,Crawford,Black or African-American,116,0,94,2021-04-17,0.011267605633802818,0.018815052041633307
0,Brown,Other race,1,0,1,2021-04-17,0.0003745318352059925,0.000774593338497289
1,Brown,Asian,6,0,3,2021-04-17,0.0022471910112359553,0.0023237800154918666
2,Brown,White,2572,0,1243,2021-04-17,0.9632958801498127,0.9628195197521301
3,Brown,American Indian or Alaska Nati,6,0,3,2021-04-17,0.0022471910112359553,0.0023237800154918666
4,Brown,Hispanic or Latino,10,0,5,2021-04-17,0.003745318352059925,0.0038729666924864447
5,Brown,Unknown,56,0,26,2021-04-17,0.020973782771535582,0.020139426800929512
6,Brown,Black or African-American,19,0,10,2021-04-17,0.007116104868913857,0.0077459333849728895
0,Marshall,Other race,51,0,21,2021-04-17,0.007543262830942169,0.007070707070707071
1,Marshall,Asian,17,0,4,2021-04-17,0.0025144209436473892,0.0013468013468013469
2,Marshall,Unknown,178,0,85,2021-04-17,0.02632746635113149,0.02861952861952862
3,Marshall,White,6417,0,2817,2021-04-17,0.9491199526697234,0.9484848484848485
4,Marshall,Hispanic or Latino,68,0,28,2021-04-17,0.010057683774589557,0.009427609427609427
5,Marshall,American Indian or Alaska Nati,7,0,3,2021-04-17,0.0010353498003253957,0.00101010101010101
6,Marshall,Black or African-American,22,0,12,2021-04-17,0.0032539565153083864,0.00404040404040404
7,Marshall,Native Hawaiian or Other Pacif,1,0,0,2021-04-17,0.00014790711433219938,0.0
0,Woodford,Asian,131,0,56,2021-04-17,0.005476588628762542,0.0052088177843921495
1,Woodford,White,22785,0,10203,2021-04-17,0.9525501672240803,0.9490279973955911
2,Woodford,Hispanic or Latino,123,0,59,2021-04-17,0.005142140468227425,0.005487861594270301
3,Woodford,Unknown,523,0,226,2021-04-17,0.021864548494983278,0.02102130034415403
4,Woodford,Other race,242,0,157,2021-04-17,0.01011705685618729,0.014603292716956562
5,Woodford,Native Hawaiian or Other Pacif,9,0,3,2021-04-17,0.0003762541806020067,0.00027904380987815085
6,Woodford,American Indian or Alaska Nati,23,0,10,2021-04-17,0.0009615384615384616,0.0009301460329271695
7,Woodford,Black or African-American,82,0,35,2021-04-17,0.00342809364548495,0.0032555111152450934
0,Tazewell,Black or African-American,382,0,147,2021-04-17,0.004556297709923664,0.003939540118990191
1,Tazewell,Unknown,1602,0,747,2021-04-17,0.019107824427480918,0.02001929570670526
2,Tazewell,White,79940,0,35613,2021-04-17,0.9534828244274809,0.9544138929088278
3,Tazewell,Other race,397,0,201,2021-04-17,0.004735209923664122,0.005386718121884547
4,Tazewell,Asian,654,0,253,2021-04-17,0.00780057251908397,0.00678029693948652
5,Tazewell,Hispanic or Latino,704,0,291,2021-04-17,0.008396946564885497,0.007798681460041808
6,Tazewell,Native Hawaiian or Other Pacif,53,0,22,2021-04-17,0.0006321564885496183,0.0005895910382162191
7,Tazewell,American Indian or Alaska Nati,106,0,38,2021-04-17,0.0012643129770992367,0.0010183845205552875
0,Warren,Asian,85,0,32,2021-04-17,0.009140767824497258,0.007650011953143677
1,Warren,White,8411,0,3894,2021-04-17,0.9045058608452522,0.9309108295481712
2,Warren,Hispanic or Latino,362,0,117,2021-04-17,0.03892891708785891,0.02797035620368157
3,Warren,Unknown,286,0,87,2021-04-17,0.030755995268308422,0.02079846999760937
4,Warren,Other race,51,0,18,2021-04-17,0.005484460694698354,0.004303131723643318
5,Warren,Black or African-American,97,0,33,2021-04-17,0.010431229164426282,0.007889074826679417
6,Warren,American Indian or Alaska Nati,7,0,2,2021-04-17,0.0007527691149585977,0.0004781257470714798
0,Menard,Asian,25,0,9,2021-04-17,0.003187555782226189,0.0024725274725274724
1,Menard,Other race,26,0,12,2021-04-17,0.0033150580135152363,0.0032967032967032967
2,Menard,White,7600,0,3529,2021-04-17,0.9690169577967614,0.9695054945054945
3,Menard,Unknown,131,0,59,2021-04-17,0.01670279229886523,0.01620879120879121
4,Menard,Hispanic or Latino,33,0,18,2021-04-17,0.004207573632538569,0.004945054945054945
5,Menard,American Indian or Alaska Nati,7,0,4,2021-04-17,0.0008925156190233329,0.001098901098901099
6,Menard,Black or African-American,21,0,9,2021-04-17,0.0026775468570699986,0.0024725274725274724
0,Fulton,Hispanic or Latino,114,0,50,2021-04-17,0.005203816131830009,0.004994007191370355
1,Fulton,White,20831,0,9572,2021-04-17,0.9508832793171133,0.9560527367159408
2,Fulton,Unknown,681,0,256,2021-04-17,0.03108595426119505,0.02556931681981622
3,Fulton,American Indian or Alaska Nati,24,0,9,2021-04-17,0.0010955402382800017,0.000898921294446664
4,Fulton,Black or African-American,130,0,49,2021-04-17,0.005934176290683343,0.004894127047542949
5,Fulton,Native Hawaiian or Other Pacif,3,0,1,2021-04-17,0.00013694252978500022,9.988014382740711e-05
6,Fulton,Asian,27,0,14,2021-04-17,0.001232482768065002,0.0013983220135836995
7,Fulton,Other race,97,0,61,2021-04-17,0.004427808463048341,0.006092688773471834
0,Bond,Hispanic or Latino,122,0,39,2021-04-17,0.014269005847953216,0.01008533747090768
1,Bond,Unknown,248,0,106,2021-04-17,0.029005847953216375,0.027411430049133694
2,Bond,Asian,31,0,10,2021-04-17,0.003625730994152047,0.002585983966899405
3,Bond,Black or African-American,135,0,57,2021-04-17,0.015789473684210527,0.01474010861132661
4,Bond,Native Hawaiian or Other Pacif,9,0,3,2021-04-17,0.0010526315789473684,0.0007757951900698216
5,Bond,White,7913,0,3585,2021-04-17,0.9254970760233918,0.9270752521334368
6,Bond,Other race,92,0,67,2021-04-17,0.010760233918128656,0.017326092578226013
0,Union,Asian,55,0,24,2021-04-17,0.005120089368832619,0.004822182037371911
1,Union,Hispanic or Latino,657,0,214,2021-04-17,0.06116179482405511,0.04299778983323287
2,Union,White,9284,0,4396,2021-04-17,0.8642710854589462,0.8832630098452883
3,Union,Native Hawaiian or Other Pacif,8,0,4,2021-04-17,0.0007447402718301992,0.0008036970062286518
4,Union,Black or African-American,218,0,100,2021-04-17,0.02029417240737293,0.020092425155716295
5,Union,Unknown,425,0,188,2021-04-17,0.03956432694097933,0.037773759292746636
6,Union,American Indian or Alaska Nati,17,0,8,2021-04-17,0.0015825730776391734,0.0016073940124573037
7,Union,Other race,78,0,43,2021-04-17,0.007261217650344443,0.008639742816958007
0,Randolph,Asian,53,0,26,2021-04-17,0.0032599335711649647,0.0034829202947086403
1,Randolph,Other race,261,0,117,2021-04-17,0.01605363513347275,0.015673141326188883
2,Randolph,Unknown,484,0,215,2021-04-17,0.029769959404600813,0.028801071667782986
3,Randolph,Hispanic or Latino,164,0,75,2021-04-17,0.010087341616434986,0.010046885465505693
4,Randolph,White,14910,0,6866,2021-04-17,0.9170869725673515,0.9197588747488279
5,Randolph,American Indian or Alaska Nati,5,0,3,2021-04-17,0.00030754090294009105,0.0004018754186202277
6,Randolph,Native Hawaiian or Other Pacif,6,0,2,2021-04-17,0.0003690490835281092,0.00026791694574681847
7,Randolph,Black or African-American,375,0,161,2021-04-17,0.023065567720506826,0.02156731413261889
0,Scott,White,2382,0,1095,2021-04-17,0.9734368614630159,0.9741992882562278
1,Scott,Native Hawaiian or Other Pacif,2,0,1,2021-04-17,0.0008173273395995096,0.0008896797153024911
2,Scott,American Indian or Alaska Nati,4,0,2,2021-04-17,0.0016346546791990192,0.0017793594306049821
3,Scott,Hispanic or Latino,7,0,4,2021-04-17,0.0028606456885982836,0.0035587188612099642
4,Scott,Unknown,40,0,18,2021-04-17,0.016346546791990192,0.01601423487544484
5,Scott,Other race,6,0,2,2021-04-17,0.002451982018798529,0.0017793594306049821
6,Scott,Asian,2,0,1,2021-04-17,0.0008173273395995096,0.0008896797153024911
7,Scott,Black or African-American,4,0,1,2021-04-17,0.0016346546791990192,0.0008896797153024911
0,Stark,American Indian or Alaska Nati,1,0,1,2021-04-17,0.0003245699448231094,0.0007331378299120235
1,Stark,Native Hawaiian or Other Pacif,2,0,0,2021-04-17,0.0006491398896462187,0.0
2,Stark,Black or African-American,3,0,1,2021-04-17,0.0009737098344693282,0.0007331378299120235
3,Stark,White,2980,0,1327,2021-04-17,0.9672184355728659,0.9728739002932552
4,Stark,Asian,4,0,2,2021-04-17,0.0012982797792924375,0.001466275659824047
5,Stark,Other race,4,0,2,2021-04-17,0.0012982797792924375,0.001466275659824047
6,Stark,Hispanic or Latino,32,0,14,2021-04-17,0.0103862382343395,0.010263929618768328
7,Stark,Unknown,55,0,17,2021-04-17,0.017851346965271016,0.012463343108504398
0,Macoupin,Asian,81,0,31,2021-04-17,0.0029379760609358,0.0024294670846394984
1,Macoupin,Black or African-American,144,0,58,2021-04-17,0.005223068552774755,0.004545454545454545
2,Macoupin,Other race,87,0,45,2021-04-17,0.0031556039173014144,0.0035266457680250786
3,Macoupin,American Indian or Alaska Nati,42,0,17,2021-04-17,0.0015233949945593036,0.0013322884012539186
4,Macoupin,Native Hawaiian or Other Pacif,7,0,1,2021-04-17,0.00025389916575988393,7.836990595611286e-05
5,Macoupin,Hispanic or Latino,148,0,79,2021-04-17,0.005368153790351831,0.006191222570532916
6,Macoupin,Unknown,410,0,178,2021-04-17,0.014871236851650345,0.013949843260188088
7,Macoupin,White,26649,0,12349,2021-04-17,0.9665941240478781,0.9677899686520376
0,Coles,Other race,158,0,93,2021-04-17,0.006385644424685769,0.007978723404255319
1,Coles,Unknown,410,0,166,2021-04-17,0.01657034312734915,0.01424159231297186
2,Coles,Hispanic or Latino,383,0,187,2021-04-17,0.015479125409206644,0.016043239533287578
3,Coles,Asian,235,0,97,2021-04-17,0.009497635694944025,0.008321894303363074
4,Coles,Black or African-American,444,0,210,2021-04-17,0.01794446914278786,0.018016472203157174
5,Coles,American Indian or Alaska Nati,32,0,14,2021-04-17,0.00129329507335408,0.0012010981468771448
6,Coles,White,23070,0,10885,2021-04-17,0.932384916946207,0.9338538091969801
7,Coles,Native Hawaiian or Other Pacif,11,0,4,2021-04-17,0.000444570181465465,0.00034317089910775565
0,Washington,Black or African-American,22,0,11,2021-04-17,0.0025661961973638165,0.0026209197045508697
1,Washington,Hispanic or Latino,79,0,39,2021-04-17,0.00921497725417007,0.009292351679771264
2,Washington,Native Hawaiian or Other Pacif,4,0,1,2021-04-17,0.00046658112679342123,0.0002382654276864427
3,Washington,American Indian or Alaska Nati,4,0,2,2021-04-17,0.00046658112679342123,0.0004765308553728854
4,Washington,Other race,65,0,35,2021-04-17,0.007581943310393095,0.008339289969025495
5,Washington,Unknown,181,0,86,2021-04-17,0.02111279598740231,0.02049082678103407
6,Washington,White,8169,0,3996,2021-04-17,0.9528753061938645,0.952108649035025
7,Washington,Asian,48,0,26,2021-04-17,0.005598973521521055,0.0061949011198475104
0,Iroquois,Other race,91,0,44,2021-04-17,0.006615295143937191,0.0071151358344113845
1,Iroquois,Hispanic or Latino,796,0,333,2021-04-17,0.05786565862169235,0.05384864165588616
2,Iroquois,Black or African-American,76,0,31,2021-04-17,0.0055248618784530384,0.005012936610608021
3,Iroquois,American Indian or Alaska Nati,11,0,5,2021-04-17,0.000799651061355045,0.0008085381630012937
4,Iroquois,Unknown,350,0,140,2021-04-17,0.025443442861296888,0.022639068564036222
5,Iroquois,Native Hawaiian or Other Pacif,1,0,1,2021-04-17,7.269555103227682e-05,0.00016170763260025875
6,Iroquois,Asian,80,0,31,2021-04-17,0.005815644082582146,0.005012936610608021
7,Iroquois,White,12351,0,5599,2021-04-17,0.897862750799651,0.9054010349288486
0,Saline,Unknown,302,0,122,2021-04-17,0.02507472600464962,0.02036727879799666
1,Saline,Hispanic or Latino,130,0,60,2021-04-17,0.010793756227167054,0.01001669449081803
2,Saline,Black or African-American,246,0,111,2021-04-17,0.020425107937562272,0.018530884808013355
3,Saline,White,11206,0,5629,2021-04-17,0.9304217867818001,0.9397328881469115
4,Saline,Asian,70,0,27,2021-04-17,0.005812022583859183,0.004507512520868113
5,Saline,Native Hawaiian or Other Pacif,2,0,1,2021-04-17,0.00016605778811026238,0.0001669449081803005
6,Saline,American Indian or Alaska Nati,11,0,6,2021-04-17,0.0009133178346064431,0.001001669449081803
7,Saline,Other race,76,0,34,2021-04-17,0.00631019594818997,0.005676126878130217
0,Hardin,Unknown,40,0,20,2021-04-17,0.02442002442002442,0.026455026455026454
1,Hardin,Other race,12,0,9,2021-04-17,0.007326007326007326,0.011904761904761904
2,Hardin,Asian,8,0,4,2021-04-17,0.004884004884004884,0.005291005291005291
3,Hardin,White,1550,0,710,2021-04-17,0.9462759462759462,0.9391534391534392
4,Hardin,American Indian or Alaska Nati,2,0,1,2021-04-17,0.001221001221001221,0.0013227513227513227
5,Hardin,Black or African-American,5,0,2,2021-04-17,0.0030525030525030525,0.0026455026455026454
6,Hardin,Hispanic or Latino,21,0,10,2021-04-17,0.01282051282051282,0.013227513227513227
0,McDonough,Unknown,619,0,245,2021-04-17,0.03838759689922481,0.03317535545023697
1,McDonough,Hispanic or Latino,183,0,73,2021-04-17,0.011348837209302326,0.00988490182802979
2,McDonough,White,14517,0,6763,2021-04-17,0.9002790697674419,0.9157752200406228
3,McDonough,Asian,272,0,114,2021-04-17,0.016868217054263567,0.015436696005416384
4,McDonough,Black or African-American,371,0,121,2021-04-17,0.023007751937984496,0.016384563303994584
5,McDonough,Native Hawaiian or Other Pacif,12,0,5,2021-04-17,0.0007441860465116279,0.0006770480704129993
6,McDonough,Other race,121,0,52,2021-04-17,0.007503875968992248,0.007041299932295193
7,McDonough,American Indian or Alaska Nati,30,0,12,2021-04-17,0.0018604651162790699,0.0016249153689911983
0,Mercer,Asian,20,0,9,2021-04-17,0.0019312475859405175,0.001891153603698256
1,Mercer,White,9668,0,4411,2021-04-17,0.9335650830436462,0.9268753939903341
2,Mercer,Unknown,433,0,218,2021-04-17,0.041811510235612206,0.045807942845135535
3,Mercer,Hispanic or Latino,127,0,62,2021-04-17,0.012263422170722287,0.013027947047699096
4,Mercer,Native Hawaiian or Other Pacif,4,0,2,2021-04-17,0.0003862495171881035,0.0004202563563773902
5,Mercer,Black or African-American,24,0,13,2021-04-17,0.002317497103128621,0.0027316663164530363
6,Mercer,American Indian or Alaska Nati,8,0,4,2021-04-17,0.000772499034376207,0.0008405127127547804
7,Mercer,Other race,72,0,40,2021-04-17,0.006952491309385863,0.008405127127547804
0,Jasper,Hispanic or Latino,15,0,7,2021-04-17,0.002986263189329086,0.0031305903398926656
1,Jasper,White,4920,0,2189,2021-04-17,0.9794943260999402,0.9789803220035778
2,Jasper,Native Hawaiian or Other Pacif,1,0,0,2021-04-17,0.00019908421262193908,0.0
3,Jasper,American Indian or Alaska Nati,5,0,2,2021-04-17,0.0009954210631096954,0.0008944543828264759
4,Jasper,Other race,17,0,10,2021-04-17,0.0033844316145729644,0.004472271914132379
5,Jasper,Asian,10,0,4,2021-04-17,0.001990842126219391,0.0017889087656529517
6,Jasper,Black or African-American,7,0,3,2021-04-17,0.0013935894883535735,0.0013416815742397137
7,Jasper,Unknown,47,0,20,2021-04-17,0.009356957993231137,0.008944543828264758
0,Henry,Asian,122,0,50,2021-04-17,0.004063551277354029,0.003819417920708884
1,Henry,Unknown,1092,0,434,2021-04-17,0.03637211471205409,0.03315254755175311
2,Henry,Native Hawaiian or Other Pacif,13,0,6,2021-04-17,0.00043300136561969156,0.0004583301504850661
3,Henry,White,27713,0,12173,2021-04-17,0.9230589881091164,0.9298754869757849
4,Henry,Hispanic or Latino,677,0,238,2021-04-17,0.022549378809579322,0.018180429302574286
5,Henry,Other race,157,0,84,2021-04-17,0.00522932418479166,0.006416622106790925
6,Henry,Black or African-American,220,0,90,2021-04-17,0.007327715418179396,0.0068749522572759915
7,Henry,American Indian or Alaska Nati,27,0,14,2021-04-17,0.000899310528594744,0.0010694370177984874
0,Clay,White,5691,0,2810,2021-04-17,0.967199184228416,0.9696342305037957
1,Clay,Asian,47,0,22,2021-04-17,0.007987763426240652,0.00759144237405107
2,Clay,Unknown,37,0,17,2021-04-17,0.00628823929299796,0.005866114561766736
3,Clay,Native Hawaiian or Other Pacif,4,0,2,2021-04-17,0.0006798096532970768,0.0006901311249137336
4,Clay,Hispanic or Latino,58,0,27,2021-04-17,0.009857239972807614,0.009316770186335404
5,Clay,Black or African-American,35,0,15,2021-04-17,0.005948334466349422,0.005175983436853002
6,Clay,American Indian or Alaska Nati,3,0,0,2021-04-17,0.0005098572399728076,0.0
7,Clay,Other race,9,0,5,2021-04-17,0.0015295717199184228,0.001725327812284334
0,Logan,Black or African-American,188,0,103,2021-04-17,0.012419077817413133,0.013492271417343464
1,Logan,Asian,87,0,34,2021-04-17,0.005747126436781609,0.004453759496987163
2,Logan,Unknown,284,0,137,2021-04-17,0.018760734575241116,0.017946030914330627
3,Logan,Hispanic or Latino,107,0,59,2021-04-17,0.007068304927995772,0.007728582656536547
4,Logan,Native Hawaiian or Other Pacif,7,0,3,2021-04-17,0.00046241247192495706,0.0003929787791459261
5,Logan,American Indian or Alaska Nati,27,0,17,2021-04-17,0.0017835909631391202,0.0022268797484935815
6,Logan,White,14369,0,7240,2021-04-17,0.9492006870128155,0.9483887870055017
7,Logan,Other race,69,0,41,2021-04-17,0.0045580657946888625,0.00537070998166099
0,Cumberland,Asian,8,0,4,2021-04-17,0.0016999575010624734,0.0017706949977866313
1,Cumberland,Native Hawaiian or Other Pacif,1,0,1,2021-04-17,0.00021249468763280918,0.0004426737494466578
2,Cumberland,Unknown,35,0,14,2021-04-17,0.007437314067148321,0.00619743249225321
3,Cumberland,Hispanic or Latino,17,0,9,2021-04-17,0.003612409689757756,0.00398406374501992
4,Cumberland,Other race,6,0,3,2021-04-17,0.0012749681257968552,0.0013280212483399733
5,Cumberland,White,4634,0,2226,2021-04-17,0.9847003824904378,0.9853917662682603
6,Cumberland,Black or African-American,5,0,2,2021-04-17,0.0010624734381640458,0.0008853474988933156
0,Gallatin,White,2350,0,1165,2021-04-17,0.9358821186778176,0.9410339256865913
1,Gallatin,Hispanic or Latino,24,0,11,2021-04-17,0.009557945041816009,0.008885298869143781
2,Gallatin,Unknown,116,0,53,2021-04-17,0.04619673436877738,0.04281098546042003
3,Gallatin,Black or African-American,9,0,3,2021-04-17,0.0035842293906810036,0.0024232633279483036
4,Gallatin,American Indian or Alaska Nati,2,0,1,2021-04-17,0.0007964954201513341,0.0008077544426494346
5,Gallatin,Other race,10,0,5,2021-04-17,0.00398247710075667,0.004038772213247173
0,Perry,Native Hawaiian or Other Pacif,3,0,1,2021-04-17,0.0002919139826797704,0.00020597322348094748
1,Perry,American Indian or Alaska Nati,11,0,5,2021-04-17,0.0010703512698258246,0.0010298661174047373
2,Perry,White,9761,0,4624,2021-04-17,0.9497907949790795,0.9524201853759011
3,Perry,Hispanic or Latino,98,0,40,2021-04-17,0.009535856767539165,0.008238928939237899
4,Perry,Other race,51,0,27,2021-04-17,0.0049625377055560966,0.005561277033985582
5,Perry,Asian,70,0,31,2021-04-17,0.006811326262527975,0.006385169927909372
6,Perry,Unknown,134,0,59,2021-04-17,0.01303882455969641,0.012152420185375901
7,Perry,Black or African-American,149,0,68,2021-04-17,0.01449839447309526,0.014006179196704428
0,Richland,Black or African-American,23,0,11,2021-04-17,0.0027657527657527657,0.0027404085700049826
1,Richland,Unknown,134,0,56,2021-04-17,0.016113516113516115,0.013951170901843548
2,Richland,American Indian or Alaska Nati,13,0,7,2021-04-17,0.0015632515632515633,0.0017438963627304435
3,Richland,White,7942,0,3848,2021-04-17,0.955026455026455,0.9586447433981067
4,Richland,Other race,28,0,13,2021-04-17,0.003367003367003367,0.0032386646736422523
5,Richland,Hispanic or Latino,105,0,44,2021-04-17,0.012626262626262626,0.01096163428001993
6,Richland,Asian,70,0,34,2021-04-17,0.008417508417508417,0.008470353761833582
0,Williamson,Asian,497,0,216,2021-04-17,0.01350653585890154,0.012292283177782836
1,Williamson,White,33414,0,16053,2021-04-17,0.9080631573226078,0.9135556567266105
2,Williamson,Hispanic or Latino,410,0,186,2021-04-17,0.011142212680381553,0.010585021625312998
3,Williamson,American Indian or Alaska Nati,43,0,20,2021-04-17,0.0011685735250156263,0.0011381743683132257
4,Williamson,Black or African-American,701,0,335,2021-04-17,0.01905046607060358,0.01906442066924653
5,Williamson,Other race,685,0,317,2021-04-17,0.018615648014783815,0.018040063737764626
6,Williamson,Unknown,1019,0,427,2021-04-17,0.027692474930021468,0.024300022763487365
7,Williamson,Native Hawaiian or Other Pacif,26,0,16,2021-04-17,0.0007065793407071228,0.0009105394946505805
0,Kendall,Other race,1659,0,705,2021-04-17,0.0212471664041188,0.023835282980593685
1,Kendall,Black or African-American,4020,0,1381,2021-04-17,0.05148499634994429,0.046690107512340255
2,Kendall,Unknown,2698,0,965,2021-04-17,0.034553860734365595,0.03262560010818852
3,Kendall,Asian,3250,0,1123,2021-04-17,0.041623442322716156,0.03796740820880384
4,Kendall,White,55985,0,22027,2021-04-17,0.7170118210576196,0.7447089052674285
5,Kendall,Hispanic or Latino,10170,0,3261,2021-04-17,0.13024935643754562,0.11025086212725674
6,Kendall,Native Hawaiian or Other Pacif,111,0,43,2021-04-17,0.0014216006454835363,0.0014537832172560688
7,Kendall,American Indian or Alaska Nati,184,0,71,2021-04-17,0.002356527196116853,0.002400432754073974
0,St. Clair,White,114748,0,52507,2021-04-17,0.732105373970409,0.7462302630643947
1,St. Clair,Other race,646,0,337,2021-04-17,0.0041215539406776955,0.004789449000184756
2,St. Clair,Asian,3021,0,1221,2021-04-17,0.01927432578140452,0.017352870116396402
3,St. Clair,Unknown,4395,0,1785,2021-04-17,0.02804060304841869,0.02536844648465813
4,St. Clair,Hispanic or Latino,4133,0,1687,2021-04-17,0.026369013060094298,0.023975669030598466
5,St. Clair,Native Hawaiian or Other Pacif,289,0,122,2021-04-17,0.0018438530787242323,0.0017338658101559057
6,St. Clair,American Indian or Alaska Nati,462,0,203,2021-04-17,0.0029476128801750705,0.0028850390119807283
7,St. Clair,Black or African-American,29040,0,12500,2021-04-17,0.1852785238967187,0.17765018546679362
0,Monroe,Black or African-American,40,0,15,2021-04-17,0.0017095478246003932,0.0014637002341920376
1,Monroe,Unknown,4216,0,1877,2021-04-17,0.18018634071288145,0.1831576893052303
2,Monroe,Asian,50,0,19,2021-04-17,0.0021369347807504917,0.0018540202966432476
3,Monroe,Other race,675,0,250,2021-04-17,0.028848619540131636,0.024395003903200624
4,Monroe,Native Hawaiian or Other Pacif,10,0,4,2021-04-17,0.0004273869561500983,0.00039032006245121
5,Monroe,White,18290,0,8027,2021-04-17,0.7816907427985298,0.7832747853239657
6,Monroe,American Indian or Alaska Nati,17,0,7,2021-04-17,0.0007265578254551671,0.0006830601092896175
7,Monroe,Hispanic or Latino,100,0,49,2021-04-17,0.004273869561500983,0.0047814207650273225
0,Livingston,Hispanic or Latino,343,0,119,2021-04-17,0.019092680211522405,0.015811852245548763
1,Livingston,Black or African-American,153,0,66,2021-04-17,0.008516559977734484,0.008769598724422003
2,Livingston,American Indian or Alaska Nati,23,0,9,2021-04-17,0.00128026718619538,0.0011958543715120914
3,Livingston,Native Hawaiian or Other Pacif,8,0,3,2021-04-17,0.0004453103256331756,0.0003986181238373638
4,Livingston,Other race,71,0,41,2021-04-17,0.003952129139994434,0.005447781025777305
5,Livingston,Asian,99,0,34,2021-04-17,0.005510715279710548,0.00451767207015679
6,Livingston,White,17020,0,7154,2021-04-17,0.9473977177845812,0.9505713526441669
7,Livingston,Unknown,245,0,100,2021-04-17,0.013637628722516002,0.013287270794578794
0,Macon,Unknown,1133,0,480,2021-04-17,0.0202694241193624,0.01915632358223251
1,Macon,Native Hawaiian or Other Pacif,82,0,35,2021-04-17,0.001466983916847058,0.001396815261204454
2,Macon,Asian,849,0,336,2021-04-17,0.015188650553696979,0.013409426507562758
3,Macon,White,47529,0,21550,2021-04-17,0.8502960802905344,0.8600391108273138
4,Macon,Other race,416,0,223,2021-04-17,0.007442259870833855,0.00889970866424552
5,Macon,Black or African-American,5305,0,2183,2021-04-17,0.09490670340089807,0.08712136329169494
6,Macon,Hispanic or Latino,482,0,197,2021-04-17,0.008623003023418072,0.007862074470207927
7,Macon,American Indian or Alaska Nati,99,0,52,2021-04-17,0.0017711147288763261,0.0020752683880751886
0,DuPage,Hispanic or Latino,43156,0,14742,2021-04-17,0.06516011456922545,0.05574209356141386
1,DuPage,Other race,27136,0,11348,2021-04-17,0.04097193597531054,0.04290878291513529
2,DuPage,Asian,79159,0,30196,2021-04-17,0.11952010170510051,0.11417638428845833
3,DuPage,White,441555,0,181234,2021-04-17,0.666692334521604,0.6852776139268267
4,DuPage,American Indian or Alaska Nati,3023,0,1191,2021-04-17,0.004564348557391059,0.004503380371160216
5,DuPage,Native Hawaiian or Other Pacif,1995,0,797,2021-04-17,0.0030121982705905268,0.0030135971081567525
6,DuPage,Black or African-American,16970,0,6323,2021-04-17,0.025622558722767537,0.023908374548149494
7,DuPage,Unknown,49287,0,18625,2021-04-17,0.07441715095869438,0.07042439917116626
0,Wabash,Asian,30,0,14,2021-04-17,0.004852798447104497,0.0045632333767926985
1,Wabash,Unknown,72,0,35,2021-04-17,0.011646716273050793,0.011408083441981747
2,Wabash,Hispanic or Latino,48,0,20,2021-04-17,0.007764477515367195,0.00651890482398957
3,Wabash,American Indian or Alaska Nati,1,0,1,2021-04-17,0.00016175994823681658,0.0003259452411994785
4,Wabash,Other race,14,0,7,2021-04-17,0.002264639275315432,0.0022816166883963492
5,Wabash,White,6001,0,2984,2021-04-17,0.9707214493691362,0.9726205997392438
6,Wabash,Black or African-American,12,0,6,2021-04-17,0.0019411193788417987,0.001955671447196871
7,Wabash,Native Hawaiian or Other Pacif,4,0,1,2021-04-17,0.0006470397929472663,0.0003259452411994785
0,LaSalle,Asian,393,0,135,2021-04-17,0.0066029335170281755,0.005689720571500822
1,LaSalle,Native Hawaiian or Other Pacif,31,0,11,2021-04-17,0.0005208420840403905,0.0004636068613815484
2,LaSalle,American Indian or Alaska Nati,121,0,42,2021-04-17,0.0020329642635124917,0.0017701352889113668
3,LaSalle,Black or African-American,321,0,112,2021-04-17,0.005393235773450495,0.004720360770430311
4,LaSalle,Unknown,1929,0,774,2021-04-17,0.03240981871335204,0.03262106460993804
5,LaSalle,Hispanic or Latino,2690,0,765,2021-04-17,0.04519565180866614,0.03224174990517133
6,LaSalle,White,53453,0,21602,2021-04-17,0.8980829651035803,0.9104395835967464
7,LaSalle,Other race,578,0,284,2021-04-17,0.00971118466372083,0.011969486239305433
0,Christian,Black or African-American,46,0,22,2021-04-17,0.0029781173119254175,0.003060230908332174
1,Christian,American Indian or Alaska Nati,24,0,10,2021-04-17,0.0015538003366567395,0.0013910140492418973
2,Christian,Native Hawaiian or Other Pacif,4,0,2,2021-04-17,0.00025896672277612325,0.00027820280984837946
3,Christian,White,14707,0,6862,2021-04-17,0.9521558979671112,0.9545138405897899
4,Christian,Other race,68,0,35,2021-04-17,0.004402434287194096,0.004868549172346641
5,Christian,Asian,86,0,39,2021-04-17,0.0055677845396866505,0.0054249547920434
6,Christian,Unknown,459,0,192,2021-04-17,0.029716431438560145,0.02670746974544443
7,Christian,Hispanic or Latino,52,0,27,2021-04-17,0.0033665673960896025,0.0037557379329531226
0,Cook,American Indian or Alaska Nati,6008,0,2355,2021-04-17,0.0036744289590014945,0.0035403897585769887
1,Cook,Other race,57148,0,25740,2021-04-17,0.03495110954544231,0.03869623455871409
2,Cook,Asian,143072,0,55370,2021-04-17,0.0875013149171541,0.08324050145749803
3,Cook,Unknown,78414,0,27875,2021-04-17,0.04795716917295992,0.04190588726978071
4,Cook,Native Hawaiian or Other Pacif,4532,0,1750,2021-04-17,0.0027717230429751623,0.0026308628779234526
5,Cook,Hispanic or Latino,213434,0,77765,2021-04-17,0.1305339664506533,0.11690802954383844
6,Cook,Black or African-American,175215,0,71628,2021-04-17,0.1071596321656869,0.10768196926851488
7,Cook,White,957146,0,402636,2021-04-17,0.5853803229681166,0.6053029175517641
0,Stephenson,Native Hawaiian or Other Pacif,19,0,10,2021-04-17,0.0008246527777777778,0.0009749439407234084
1,Stephenson,Asian,130,0,55,2021-04-17,0.005642361111111111,0.005362191673978747
2,Stephenson,Black or African-American,1201,0,505,2021-04-17,0.05212673611111111,0.049234669006532124
3,Stephenson,White,20626,0,9231,2021-04-17,0.8952256944444444,0.8999707516817783
4,Stephenson,American Indian or Alaska Nati,48,0,19,2021-04-17,0.0020833333333333333,0.001852393487374476
5,Stephenson,Other race,81,0,36,2021-04-17,0.003515625,0.0035097981866042704
6,Stephenson,Hispanic or Latino,369,0,161,2021-04-17,0.016015625,0.015696597445646877
7,Stephenson,Unknown,566,0,240,2021-04-17,0.02456597222222222,0.023398654577361802
0,Whiteside,Other race,558,0,247,2021-04-17,0.018241255312193526,0.018532412965186075
1,Whiteside,Asian,147,0,62,2021-04-17,0.004805491990846682,0.004651860744297719
2,Whiteside,Hispanic or Latino,2249,0,876,2021-04-17,0.07352075841778359,0.06572629051620649
3,Whiteside,American Indian or Alaska Nati,51,0,23,2021-04-17,0.0016672115070284408,0.0017256902761104442
4,Whiteside,Native Hawaiian or Other Pacif,19,0,11,2021-04-17,0.0006211180124223603,0.0008253301320528211
5,Whiteside,White,26154,0,11536,2021-04-17,0.8549852893102321,0.865546218487395
6,Whiteside,Black or African-American,267,0,106,2021-04-17,0.008728342595619484,0.007953181272509003
7,Whiteside,Unknown,1144,0,466,2021-04-17,0.03739784243216737,0.0349639855942377
0,Mason,Asian,22,0,10,2021-04-17,0.002688829137130286,0.002651113467656416
1,Mason,Black or African-American,21,0,9,2021-04-17,0.002566609630897091,0.0023860021208907743
2,Mason,Native Hawaiian or Other Pacif,1,0,0,2021-04-17,0.0001222195062331948,0.0
3,Mason,Unknown,109,0,53,2021-04-17,0.013321926179418235,0.014050901378579003
4,Mason,Other race,32,0,17,2021-04-17,0.003911024199462234,0.004506892895015907
5,Mason,American Indian or Alaska Nati,16,0,7,2021-04-17,0.001955512099731117,0.001855779427359491
6,Mason,White,7932,0,3654,2021-04-17,0.9694451234417013,0.9687168610816543
7,Mason,Hispanic or Latino,48,0,21,2021-04-17,0.005866536299193351,0.005567338282078473
0,Wayne,Hispanic or Latino,85,0,42,2021-04-17,0.011247849675797275,0.011342155009451797
1,Wayne,American Indian or Alaska Nati,13,0,6,2021-04-17,0.0017202593621807596,0.0016203078584931137
2,Wayne,Native Hawaiian or Other Pacif,8,0,4,2021-04-17,0.0010586211459573905,0.001080205238995409
3,Wayne,Other race,32,0,13,2021-04-17,0.004234484583829562,0.0035106670267350797
4,Wayne,White,7220,0,3545,2021-04-17,0.955405584226545,0.9573318930596814
5,Wayne,Asian,25,0,10,2021-04-17,0.0033081910811168453,0.0027005130974885228
6,Wayne,Black or African-American,18,0,8,2021-04-17,0.0023818975784041284,0.002160410477990818
7,Wayne,Unknown,156,0,75,2021-04-17,0.020643112346169116,0.020253848231163923
0,Ogle,Asian,107,0,42,2021-04-17,0.0038241601143674054,0.0035457999155761926
1,Ogle,Other race,290,0,156,2021-04-17,0.010364546104360257,0.013170113972140143
2,Ogle,White,24603,0,10563,2021-04-17,0.8793066476054324,0.8917686787674124
3,Ogle,American Indian or Alaska Nati,34,0,11,2021-04-17,0.0012151536812008577,0.0009286618826509076
4,Ogle,Native Hawaiian or Other Pacif,12,0,5,2021-04-17,0.00042887776983559683,0.00042211903756859433
5,Ogle,Black or African-American,139,0,56,2021-04-17,0.00496783416726233,0.0047277332207682566
6,Ogle,Unknown,1404,0,552,2021-04-17,0.05017869907076483,0.04660194174757282
7,Ogle,Hispanic or Latino,1391,0,460,2021-04-17,0.049714081486776265,0.038834951456310676
0,Lawrence,White,5421,0,2725,2021-04-17,0.8569396142902308,0.8607075173720783
1,Lawrence,Asian,14,0,7,2021-04-17,0.002213088839709137,0.0022109917877447885
2,Lawrence,Unknown,742,0,364,2021-04-17,0.11729370850458426,0.114971572962729
3,Lawrence,Hispanic or Latino,57,0,24,2021-04-17,0.009010433133101486,0.007580543272267846
4,Lawrence,Other race,25,0,11,2021-04-17,0.003951944356623459,0.003474415666456096
5,Lawrence,Native Hawaiian or Other Pacif,2,0,1,2021-04-17,0.0003161555485298767,0.0003158559696778269
6,Lawrence,Black or African-American,52,0,27,2021-04-17,0.008220044261776794,0.008528111181301326
7,Lawrence,American Indian or Alaska Nati,13,0,7,2021-04-17,0.0020550110654441985,0.0022109917877447885
0,Madison,Other race,852,0,446,2021-04-17,0.00529238567328836,0.00614562090062283
1,Madison,Asian,1958,0,773,2021-04-17,0.012162548296125128,0.01065149093314226
2,Madison,Native Hawaiian or Other Pacif,151,0,61,2021-04-17,0.000937969761345707,0.0008405445626412391
3,Madison,Black or African-American,7711,0,3223,2021-04-17,0.04789857503136919,0.04441106762938875
4,Madison,American Indian or Alaska Nati,326,0,141,2021-04-17,0.0020250208092629173,0.0019428980874166345
5,Madison,Hispanic or Latino,3200,0,1348,2021-04-17,0.019877504876200415,0.018574656892465412
6,Madison,White,142030,0,64668,2021-04-17,0.8822506304896078,0.8910874717521909
7,Madison,Unknown,4748,0,1904,2021-04-17,0.029493247860062365,0.02623601388965441
0,Rock Island,Unknown,5754,0,2138,2021-04-17,0.07080538977419554,0.062812151125213
1,Rock Island,Asian,1598,0,598,2021-04-17,0.01966406201931951,0.01756859980022328
2,Rock Island,White,63829,0,27391,2021-04-17,0.7854426875038455,0.804718256066749
3,Rock Island,Hispanic or Latino,4873,0,1712,2021-04-17,0.05996431428044054,0.050296727187261296
4,Rock Island,Other race,1304,0,633,2021-04-17,0.016046268381221928,0.018596862330336684
5,Rock Island,Black or African-American,3685,0,1461,2021-04-17,0.04534547468159724,0.04292261589987661
6,Rock Island,American Indian or Alaska Nati,142,0,65,2021-04-17,0.0017473697163600567,0.0019096304130677478
7,Rock Island,Native Hawaiian or Other Pacif,74,0,34,2021-04-17,0.000910601119793269,0.0009988836006815912
0,Montgomery,Hispanic or Latino,100,0,48,2021-04-17,0.006616819956328989,0.0071877807726864335
1,Montgomery,Asian,68,0,26,2021-04-17,0.0044994375703037125,0.003893381251871818
2,Montgomery,Other race,133,0,79,2021-04-17,0.008800370541917554,0.011829889188379754
3,Montgomery,Black or African-American,62,0,23,2021-04-17,0.004102428372923973,0.003444144953578916
4,Montgomery,Native Hawaiian or Other Pacif,4,0,2,2021-04-17,0.0002646727982531595,0.0002994908655286014
5,Montgomery,White,14403,0,6328,2021-04-17,0.9530205783100641,0.9475890985324947
6,Montgomery,American Indian or Alaska Nati,21,0,9,2021-04-17,0.0013895321908290875,0.0013477088948787063
7,Montgomery,Unknown,320,0,162,2021-04-17,0.021173823860252763,0.02425876010781671
0,Hamilton,White,2966,0,1508,2021-04-17,0.9350567465321563,0.936064556176288
1,Hamilton,Hispanic or Latino,26,0,12,2021-04-17,0.00819672131147541,0.0074487895716946
2,Hamilton,Asian,7,0,4,2021-04-17,0.0022068095838587644,0.002482929857231533
3,Hamilton,Other race,32,0,11,2021-04-17,0.01008827238335435,0.006828057107386716
4,Hamilton,Black or African-American,13,0,8,2021-04-17,0.004098360655737705,0.004965859714463066
5,Hamilton,Unknown,128,0,68,2021-04-17,0.0403530895334174,0.04220980757293606
0,Jefferson,Black or African-American,640,0,272,2021-04-17,0.0358965729990465,0.0337468982630273
1,Jefferson,Native Hawaiian or Other Pacif,13,0,6,2021-04-17,0.0007291491390431319,0.0007444168734491315
2,Jefferson,American Indian or Alaska Nati,20,0,9,2021-04-17,0.0011217679062202031,0.0011166253101736973
3,Jefferson,Unknown,849,0,371,2021-04-17,0.047619047619047616,0.04602977667493797
4,Jefferson,Hispanic or Latino,470,0,210,2021-04-17,0.026361545796174772,0.026054590570719603
5,Jefferson,White,15080,0,6847,2021-04-17,0.8458130012900331,0.8495037220843672
6,Jefferson,Other race,538,0,248,2021-04-17,0.03017555667732346,0.03076923076923077
7,Jefferson,Asian,218,0,96,2021-04-17,0.012227270177800214,0.011910669975186104
0,Jackson,Black or African-American,2676,0,1333,2021-04-17,0.07640693258715701,0.07794410010525085
1,Jackson,Unknown,989,0,434,2021-04-17,0.02823858607200982,0.02537714887147702
2,Jackson,Hispanic or Latino,1271,0,570,2021-04-17,0.03629043771236045,0.033329435153783185
3,Jackson,White,28143,0,13858,2021-04-17,0.8035576621077578,0.8103145830896971
4,Jackson,Other race,443,0,215,2021-04-17,0.012648830768352225,0.012571629049234008
5,Jackson,Asian,1384,0,636,2021-04-17,0.039516888901578964,0.03718863290843176
6,Jackson,Native Hawaiian or Other Pacif,43,0,20,2021-04-17,0.001227764611826514,0.0011694538650450239
7,Jackson,American Indian or Alaska Nati,71,0,34,2021-04-17,0.002027239242783314,0.0019880715705765406
0,Lee,Native Hawaiian or Other Pacif,8,0,3,2021-04-17,0.0004149592821204419,0.0003477051460361613
1,Lee,American Indian or Alaska Nati,29,0,12,2021-04-17,0.001504227397686602,0.0013908205841446453
2,Lee,Hispanic or Latino,456,0,185,2021-04-17,0.02365267908086519,0.021441817338896614
3,Lee,Asian,116,0,54,2021-04-17,0.006016909590746408,0.006258692628650904
4,Lee,White,17766,0,7965,2021-04-17,0.9215208257689714,0.9231571627260083
5,Lee,Other race,126,0,69,2021-04-17,0.0065356086933969606,0.007997218358831711
6,Lee,Unknown,547,0,244,2021-04-17,0.028372840914985216,0.028280018544274456
7,Lee,Black or African-American,229,0,94,2021-04-17,0.01187820945069765,0.010894761242466388
0,McLean,Hispanic or Latino,3014,0,1179,2021-04-17,0.028428062100318802,0.026083493728014866
1,McLean,Other race,1233,0,571,2021-04-17,0.011629661768312236,0.012632463883542399
2,McLean,Black or African-American,4827,0,2018,2021-04-17,0.04552828658203015,0.0446450299772129
3,McLean,Native Hawaiian or Other Pacif,118,0,51,2021-04-17,0.0011129765520363699,0.001128293621822526
4,McLean,Unknown,3483,0,1327,2021-04-17,0.03285167229442946,0.02935775757173514
5,McLean,White,88818,0,38509,2021-04-17,0.8377317915149686,0.851950178093405
6,McLean,American Indian or Alaska Nati,227,0,81,2021-04-17,0.002141065061968271,0.001791995752306365
7,McLean,Asian,4298,0,1463,2021-04-17,0.04053875610722303,0.032366540563261874
0,Moultrie,White,6390,0,3219,2021-04-17,0.9670096852300242,0.9678292242934455
1,Moultrie,Asian,28,0,13,2021-04-17,0.00423728813559322,0.0039085989176187615
2,Moultrie,Hispanic or Latino,34,0,18,2021-04-17,0.005145278450363196,0.005411906193625977
3,Moultrie,American Indian or Alaska Nati,5,0,3,2021-04-17,0.0007566585956416465,0.0009019843656043296
4,Moultrie,Other race,21,0,12,2021-04-17,0.0031779661016949155,0.0036079374624173183
5,Moultrie,Black or African-American,35,0,17,2021-04-17,0.005296610169491525,0.005111244738424534
6,Moultrie,Unknown,95,0,44,2021-04-17,0.014376513317191284,0.0132291040288635
0,Kankakee,Hispanic or Latino,2740,0,1210,2021-04-17,0.060508358545149396,0.06161523576738975
1,Kankakee,Asian,557,0,242,2021-04-17,0.012300421791842413,0.012323047153477951
2,Kankakee,Native Hawaiian or Other Pacif,26,0,12,2021-04-17,0.0005741669059028774,0.0006110601894286587
3,Kankakee,American Indian or Alaska Nati,125,0,55,2021-04-17,0.002760417816840757,0.0028006925348813523
4,Kankakee,Other race,676,0,340,2021-04-17,0.014928339553474813,0.017313372033812
5,Kankakee,Unknown,1258,0,544,2021-04-17,0.02778084490868538,0.027701395254099197
6,Kankakee,White,36027,0,15690,2021-04-17,0.7955965814985756,0.7989611976779712
7,Kankakee,Black or African-American,3874,0,1545,2021-04-17,0.08555086897952874,0.0786739993889398
0,Bureau,Native Hawaiian or Other Pacif,12,0,4,2021-04-17,0.0006296898777352154,0.0005054972829521042
1,Bureau,Black or African-American,72,0,24,2021-04-17,0.0037781392664112926,0.0030329836977126246
2,Bureau,American Indian or Alaska Nati,13,0,4,2021-04-17,0.0006821640342131501,0.0005054972829521042
3,Bureau,White,17180,0,7218,2021-04-17,0.9015060082909168,0.9121698470870719
4,Bureau,Asian,113,0,41,2021-04-17,0.005929579682006612,0.0051813471502590676
5,Bureau,Other race,185,0,92,2021-04-17,0.009707718948417904,0.011626437507898395
6,Bureau,Hispanic or Latino,814,0,250,2021-04-17,0.04271396337303878,0.03159358018450651
7,Bureau,Unknown,667,0,279,2021-04-17,0.03500026237078239,0.03525843548590926
0,Effingham,Native Hawaiian or Other Pacif,20,0,15,2021-04-17,0.0011587485515643105,0.001976024239230668
1,Effingham,White,16262,0,7189,2021-04-17,0.9421784472769409,0.9470425503886181
2,Effingham,American Indian or Alaska Nati,10,0,5,2021-04-17,0.0005793742757821553,0.0006586747464102226
3,Effingham,Asian,95,0,35,2021-04-17,0.005504055619930475,0.004610723224871559
4,Effingham,Other race,116,0,63,2021-04-17,0.006720741599073001,0.008299301804768806
5,Effingham,Unknown,483,0,192,2021-04-17,0.0279837775202781,0.02529311026215255
6,Effingham,Hispanic or Latino,245,0,84,2021-04-17,0.014194669756662804,0.01106573573969174
7,Effingham,Black or African-American,28,0,8,2021-04-17,0.0016222479721900347,0.0010538795942563561
0,Vermilion,Asian,359,0,141,2021-04-17,0.010553857008466604,0.009268388877933346
1,Vermilion,White,29558,0,13289,2021-04-17,0.8689440263405456,0.8735292184316046
2,Vermilion,Hispanic or Latino,803,0,325,2021-04-17,0.02360653809971778,0.021363307697364095
3,Vermilion,Other race,693,0,333,2021-04-17,0.020372765757290686,0.02188917373299152
4,Vermilion,American Indian or Alaska Nati,48,0,21,2021-04-17,0.0014111006585136407,0.0013803983435219877
5,Vermilion,Black or African-American,1991,0,870,2021-04-17,0.05853127939793039,0.05718793137448235
6,Vermilion,Native Hawaiian or Other Pacif,13,0,7,2021-04-17,0.00038217309501411103,0.0004601327811739959
7,Vermilion,Unknown,551,0,227,2021-04-17,0.016198259642521168,0.014921448760928154
0,De Witt,Hispanic or Latino,78,0,34,2021-04-17,0.009517998779743747,0.009176788124156544
1,De Witt,White,7928,0,3585,2021-04-17,0.9674191580231849,0.9676113360323887
2,De Witt,Asian,27,0,15,2021-04-17,0.0032946918852959123,0.004048582995951417
3,De Witt,Unknown,97,0,37,2021-04-17,0.011836485661989018,0.009986504723346829
4,De Witt,Black or African-American,18,0,10,2021-04-17,0.0021964612568639414,0.002699055330634278
5,De Witt,American Indian or Alaska Nati,16,0,7,2021-04-17,0.0019524100061012813,0.0018893387314439945
6,De Witt,Other race,31,0,17,2021-04-17,0.0037827943868212325,0.004588394062078272
0,Douglas,American Indian or Alaska Nati,9,0,4,2021-04-17,0.0009593859929645027,0.0009666505558240696
1,Douglas,Native Hawaiian or Other Pacif,3,0,1,2021-04-17,0.0003197953309881676,0.0002416626389560174
2,Douglas,Other race,139,0,60,2021-04-17,0.01481718366911843,0.014499758337361043
3,Douglas,White,7977,0,3502,2021-04-17,0.8503357850975376,0.8463025616239729
4,Douglas,Unknown,703,0,346,2021-04-17,0.07493870589489393,0.08361527307878203
5,Douglas,Black or African-American,21,0,10,2021-04-17,0.002238567316917173,0.002416626389560174
6,Douglas,Hispanic or Latino,476,0,190,2021-04-17,0.05074085918345592,0.045915901401643304
7,Douglas,Asian,53,0,25,2021-04-17,0.005649717514124294,0.006041565973900435
0,Chicago,Unknown,116015,0,38854,2021-04-17,0.06928171318690506,0.05939525498349028
1,Chicago,American Indian or Alaska Nati,4842,0,1801,2021-04-17,0.002891540363323659,0.0027531490766784885
2,Chicago,Hispanic or Latino,377465,0,144640,2021-04-17,0.22541414358570114,0.22110798581386817
3,Chicago,Other race,59883,0,26913,2021-04-17,0.03576086567057222,0.041141310994252174
4,Chicago,Black or African-American,318303,0,127911,2021-04-17,0.1900838439213157,0.19553473156414333
5,Chicago,Native Hawaiian or Other Pacif,2930,0,1178,2021-04-17,0.0017497342553775962,0.0018007826831356244
6,Chicago,White,671081,0,266084,2021-04-17,0.4007554313423388,0.40675675675675677
7,Chicago,Asian,124019,0,46778,2021-04-17,0.07406153331661232,0.07150849944967592
0,Marion,White,15495,0,7051,2021-04-17,0.8957165154055148,0.8882590073066263
1,Marion,Asian,129,0,51,2021-04-17,0.0074570784438406845,0.006424792139077854
2,Marion,Unknown,822,0,452,2021-04-17,0.04751719752586855,0.056941295036533134
3,Marion,Hispanic or Latino,199,0,84,2021-04-17,0.011503555118792993,0.010582010582010581
4,Marion,Other race,132,0,62,2021-04-17,0.007630498872767212,0.00781053162005543
5,Marion,American Indian or Alaska Nati,29,0,18,2021-04-17,0.0016763974796230995,0.0022675736961451248
6,Marion,Black or African-American,480,0,214,2021-04-17,0.027747268628244406,0.026958931720836483
7,Marion,Native Hawaiian or Other Pacif,10,0,4,2021-04-17,0.0005780680964217584,0.0005039052658100278
0,Winnebago,White,119768,0,51314,2021-04-17,0.7414643810089829,0.7511930903235251
1,Winnebago,Native Hawaiian or Other Pacif,213,0,82,2021-04-17,0.0013186486637074457,0.00120040989606207
2,Winnebago,Unknown,16890,0,7206,2021-04-17,0.10456326727708337,0.10548967940272289
3,Winnebago,American Indian or Alaska Nati,267,0,116,2021-04-17,0.0016529539587318686,0.0016981408285756112
4,Winnebago,Black or African-American,10542,0,4334,2021-04-17,0.06526382259532344,0.06344605475040258
5,Winnebago,Other race,2623,0,1134,2021-04-17,0.016238570163871504,0.016600790513833993
6,Winnebago,Hispanic or Latino,7527,0,2636,2021-04-17,0.0465984436231265,0.03858878641487337
7,Winnebago,Asian,3699,0,1488,2021-04-17,0.022899912709172965,0.02178304787000439
0,Grundy,White,26532,0,11308,2021-04-17,0.8756724644377702,0.888504753673293
1,Grundy,Unknown,798,0,304,2021-04-17,0.026337502887884088,0.023886226133417145
2,Grundy,Hispanic or Latino,1905,0,668,2021-04-17,0.0628733621571669,0.052486839003692935
3,Grundy,Native Hawaiian or Other Pacif,11,0,4,2021-04-17,0.0003630482854219611,0.0003142924491239098
4,Grundy,Asian,276,0,97,2021-04-17,0.009109211525132842,0.007621591891254813
5,Grundy,Other race,390,0,198,2021-04-17,0.012871711937687713,0.015557476231633534
6,Grundy,Black or African-American,334,0,125,2021-04-17,0.011023466120994092,0.009821639035122181
7,Grundy,American Indian or Alaska Nati,52,0,23,2021-04-17,0.0017162282583583616,0.0018071815824624814
0,Jo Daviess,Other race,126,0,61,2021-04-17,0.010451227604512276,0.010361814166808222
1,Jo Daviess,Unknown,315,0,89,2021-04-17,0.02612806901128069,0.015118056735179209
2,Jo Daviess,Hispanic or Latino,232,0,111,2021-04-17,0.019243530192435302,0.0188551044674707
3,Jo Daviess,Asian,54,0,28,2021-04-17,0.004479097544790976,0.0047562425683709865
4,Jo Daviess,White,11283,0,5577,2021-04-17,0.9358825481088254,0.9473416001358926
5,Jo Daviess,Black or African-American,33,0,14,2021-04-17,0.002737226277372263,0.0023781212841854932
6,Jo Daviess,Native Hawaiian or Other Pacif,4,0,1,2021-04-17,0.00033178500331785003,0.00016986580601324953
7,Jo Daviess,American Indian or Alaska Nati,8,0,5,2021-04-17,0.0006635700066357001,0.0008493290300662477
0,Lake,White,285705,0,119946,2021-04-17,0.7024525170569795,0.7279469330533522
1,Lake,Hispanic or Latino,41623,0,14630,2021-04-17,0.10233695986231484,0.08878881855643825
2,Lake,Unknown,18992,0,6896,2021-04-17,0.046694941299403776,0.04185151693542025
3,Lake,Black or African-American,13506,0,5293,2021-04-17,0.03320671215194542,0.0321229813136861
4,Lake,American Indian or Alaska Nati,1404,0,549,2021-04-17,0.003451963857643371,0.003331856554168462
5,Lake,Other race,12700,0,5391,2021-04-17,0.03122502919663163,0.032717738949949324
6,Lake,Asian,32077,0,11799,2021-04-17,0.07886655602679943,0.0716076056149976
7,Lake,Native Hawaiian or Other Pacif,713,0,266,2021-04-17,0.0017530272297006577,0.0016143421555716046
0,Franklin,Native Hawaiian or Other Pacif,7,0,5,2021-04-17,0.00039936102236421724,0.0006090133982947625
1,Franklin,American Indian or Alaska Nati,12,0,3,2021-04-17,0.0006846188954815153,0.0003654080389768575
2,Franklin,Other race,138,0,71,2021-04-17,0.007873117298037425,0.008647990255785627
3,Franklin,White,16793,0,7896,2021-04-17,0.9580670926517572,0.9617539585870889
4,Franklin,Asian,77,0,34,2021-04-17,0.00439297124600639,0.0041412911084043845
5,Franklin,Unknown,297,0,119,2021-04-17,0.016944317663167504,0.014494518879415347
6,Franklin,Hispanic or Latino,156,0,59,2021-04-17,0.008900045641259699,0.007186358099878197
7,Franklin,Black or African-American,48,0,23,2021-04-17,0.0027384755819260614,0.0028014616321559074
0,Will,Hispanic or Latino,46873,0,14420,2021-04-17,0.11628160824015936,0.09232818122446888
1,Will,Black or African-American,30231,0,11228,2021-04-17,0.07499646488827806,0.07189048673982917
2,Will,White,253640,0,102287,2021-04-17,0.6292250787027505,0.6549218219769244
3,Will,Native Hawaiian or Other Pacif,595,0,227,2021-04-17,0.00147606419266731,0.0014534325338387266
4,Will,Unknown,28301,0,11433,2021-04-17,0.07020855918769335,0.0732030579708289
5,Will,Asian,28719,0,10360,2021-04-17,0.07124552529279408,0.06633286806418154
6,Will,Other race,13122,0,5630,2021-04-17,0.03255279720366461,0.036047687953797494
7,Will,American Indian or Alaska Nati,1593,0,590,2021-04-17,0.003951882788099202,0.0037776440306821527
0,DeKalb,American Indian or Alaska Nati,108,0,37,2021-04-17,0.0019621736523682347,0.0017328587485949793
1,DeKalb,Other race,749,0,324,2021-04-17,0.013608037644664886,0.015174222555264143
2,DeKalb,Hispanic or Latino,3829,0,1098,2021-04-17,0.0695663232862775,0.05142375421506182
3,DeKalb,White,45504,0,18171,2021-04-17,0.8267291655311495,0.8510209816410641
4,DeKalb,Black or African-American,1613,0,574,2021-04-17,0.029305426863610762,0.02688272761333833
5,DeKalb,Native Hawaiian or Other Pacif,46,0,15,2021-04-17,0.0008357406297123962,0.000702510303484451
6,DeKalb,Unknown,1914,0,757,2021-04-17,0.03477407750585927,0.03545335331584863
7,DeKalb,Asian,1276,0,375,2021-04-17,0.023182718337239512,0.017562757587111278
0,White,Black or African-American,21,0,11,2021-04-17,0.0031890660592255125,0.003323262839879154
1,White,Unknown,445,0,220,2021-04-17,0.06757782839787396,0.06646525679758308
2,White,Other race,26,0,17,2021-04-17,0.003948367501898253,0.00513595166163142
3,White,White,5953,0,2994,2021-04-17,0.9040242976461655,0.9045317220543807
4,White,Hispanic or Latino,113,0,53,2021-04-17,0.017160212604403948,0.016012084592145016
5,White,Native Hawaiian or Other Pacif,6,0,3,2021-04-17,0.0009111617312072893,0.0009063444108761329
6,White,American Indian or Alaska Nati,3,0,1,2021-04-17,0.00045558086560364467,0.00030211480362537764
7,White,Asian,18,0,11,2021-04-17,0.002733485193621868,0.003323262839879154
0,Kane,Unknown,11778,0,4288,2021-04-17,0.037900020916126334,0.035068206352841115
1,Kane,Other race,7770,0,3347,2021-04-17,0.025002815632391037,0.027372501553861756
2,Kane,Black or African-American,9786,0,3773,2021-04-17,0.03149003266133574,0.030856423173803528
3,Kane,Asian,14808,0,5544,2021-04-17,0.04765015365308191,0.04534005037783375
4,Kane,White,216810,0,88730,2021-04-17,0.6976654385146333,0.7256534397592332
5,Kane,Native Hawaiian or Other Pacif,526,0,195,2021-04-17,0.0016925973002107702,0.001594752854198698
6,Kane,American Indian or Alaska Nati,838,0,342,2021-04-17,0.002696571364214117,0.0027969511596715626
7,Kane,Hispanic or Latino,48411,0,16042,2021-04-17,0.15578009106559618,0.13119500147207955
0,Carroll,Other race,78,0,32,2021-04-17,0.011049723756906077,0.009806926141587496
1,Carroll,Hispanic or Latino,102,0,40,2021-04-17,0.014449638759031025,0.01225865767698437
2,Carroll,Asian,19,0,4,2021-04-17,0.0026915993766822494,0.001225865767698437
3,Carroll,White,6500,0,3039,2021-04-17,0.9208103130755064,0.9313515170088875
4,Carroll,Unknown,319,0,131,2021-04-17,0.04519053690324409,0.040147103892123816
5,Carroll,Native Hawaiian or Other Pacif,2,0,1,2021-04-17,0.0002833262501770789,0.00030646644192460924
6,Carroll,Black or African-American,26,0,11,2021-04-17,0.003683241252302026,0.003371130861170702
7,Carroll,American Indian or Alaska Nati,13,0,5,2021-04-17,0.001841620626151013,0.0015323322096230463
0,McHenry,White,147392,0,59865,2021-04-17,0.827552131876523,0.8478260869565217
1,McHenry,Native Hawaiian or Other Pacif,266,0,105,2021-04-17,0.0014934926392148496,0.0014870414955388755
2,McHenry,Unknown,7435,0,2578,2021-04-17,0.04174480365624965,0.036510409290468775
3,McHenry,American Indian or Alaska Nati,488,0,183,2021-04-17,0.002739941383221228,0.0025917008922248974
4,McHenry,Black or African-American,1703,0,620,2021-04-17,0.009561721671364244,0.008780625973658121
5,McHenry,Other race,2958,0,1295,2021-04-17,0.016608087318787688,0.018340178444979465
6,McHenry,Hispanic or Latino,12221,0,3868,2021-04-17,0.06861644189415292,0.054779776235660674
7,McHenry,Asian,5628,0,2091,2021-04-17,0.03159916005075629,0.029613369211159892
0,Edgar,Unknown,123,0,47,2021-04-17,0.016072128577028617,0.01291918636613524
1,Edgar,American Indian or Alaska Nati,3,0,1,2021-04-17,0.0003920031360250882,0.0002748763056624519
2,Edgar,White,7325,0,3495,2021-04-17,0.957140990461257,0.9606926882902693
3,Edgar,Other race,16,0,8,2021-04-17,0.0020906833921338036,0.0021990104452996153
4,Edgar,Black or African-American,22,0,9,2021-04-17,0.00287468966418398,0.002473886750962067
5,Edgar,Asian,36,0,9,2021-04-17,0.004704037632301058,0.002473886750962067
6,Edgar,Native Hawaiian or Other Pacif,2,0,2,2021-04-17,0.00026133542401672545,0.0005497526113249038
7,Edgar,Hispanic or Latino,126,0,67,2021-04-17,0.016464131713053703,0.018416712479384277
0,Clark,Hispanic or Latino,102,0,51,2021-04-17,0.013817393660254673,0.015877957658779578
1,Clark,Unknown,160,0,63,2021-04-17,0.02167434299647792,0.019613947696139476
2,Clark,Asian,15,0,4,2021-04-17,0.002031969655919805,0.0012453300124533001
3,Clark,Other race,26,0,12,2021-04-17,0.003522080736927662,0.0037359900373599006
4,Clark,White,7070,0,3081,2021-04-17,0.9577350311568681,0.9592154420921544
5,Clark,Native Hawaiian or Other Pacif,2,0,0,2021-04-17,0.000270929287455974,0.0
6,Clark,American Indian or Alaska Nati,1,0,0,2021-04-17,0.000135464643727987,0.0
7,Clark,Black or African-American,6,0,1,2021-04-17,0.000812787862367922,0.00031133250311332503
0,Edwards,American Indian or Alaska Nati,2,0,1,2021-04-17,0.0007558578987150416,0.0007423904974016332
1,Edwards,Native Hawaiian or Other Pacif,4,0,2,2021-04-17,0.0015117157974300832,0.0014847809948032665
2,Edwards,White,2536,0,1295,2021-04-17,0.9584278155706727,0.961395694135115
3,Edwards,Other race,2,0,0,2021-04-17,0.0007558578987150416,0.0
4,Edwards,Black or African-American,1,0,0,2021-04-17,0.0003779289493575208,0.0
5,Edwards,Hispanic or Latino,10,0,5,2021-04-17,0.003779289493575208,0.003711952487008166
6,Edwards,Unknown,71,0,33,2021-04-17,0.026832955404383976,0.024498886414253896
7,Edwards,Asian,20,0,11,2021-04-17,0.007558578987150416,0.008166295471417966
0,Boone,Asian,347,0,136,2021-04-17,0.011795900329741305,0.011410353217551808
1,Boone,Black or African-American,424,0,158,2021-04-17,0.014413434408675256,0.013256145649802835
2,Boone,Unknown,1314,0,480,2021-04-17,0.04466804908726247,0.04027183488547697
3,Boone,Hispanic or Latino,3388,0,1059,2021-04-17,0.11517149947309378,0.08884973571608357
4,Boone,Other race,425,0,179,2021-04-17,0.01444742835775232,0.015018038426042454
5,Boone,White,23372,0,9841,2021-04-17,0.7945065778291465,0.8256565148082893
6,Boone,Native Hawaiian or Other Pacif,36,0,15,2021-04-17,0.0012237821667743143,0.0012584948401711553
7,Boone,American Indian or Alaska Nati,110,0,51,2021-04-17,0.003739334398477071,0.004278882456581928
0,Pope,Asian,3,0,1,2021-04-17,0.001954397394136808,0.0013736263736263737
1,Pope,Hispanic or Latino,3,0,1,2021-04-17,0.001954397394136808,0.0013736263736263737
2,Pope,Other race,13,0,6,2021-04-17,0.008469055374592834,0.008241758241758242
3,Pope,Black or African-American,15,0,5,2021-04-17,0.009771986970684038,0.006868131868131868
4,Pope,White,1385,0,664,2021-04-17,0.9022801302931596,0.9120879120879121
5,Pope,Unknown,116,0,51,2021-04-17,0.0755700325732899,0.07005494505494506
0,Johnson,Black or African-American,28,0,14,2021-04-17,0.0054988216810683424,0.005740057400574006
1,Johnson,Unknown,171,0,76,2021-04-17,0.033582089552238806,0.031160311603116032
2,Johnson,Asian,19,0,7,2021-04-17,0.0037313432835820895,0.002870028700287003
3,Johnson,Other race,78,0,38,2021-04-17,0.015318146111547526,0.015580155801558016
4,Johnson,American Indian or Alaska Nati,6,0,3,2021-04-17,0.001178318931657502,0.0012300123001230013
5,Johnson,Native Hawaiian or Other Pacif,1,0,0,2021-04-17,0.00019638648860958367,0.0
6,Johnson,White,4742,0,2279,2021-04-17,0.9312647289866457,0.9343993439934399
7,Johnson,Hispanic or Latino,46,0,22,2021-04-17,0.009033778476040848,0.009020090200902008
0,Henderson,American Indian or Alaska Nati,2,0,1,2021-04-17,0.0009203865623561896,0.0009242144177449168
1,Henderson,Black or African-American,6,0,3,2021-04-17,0.0027611596870685687,0.0027726432532347504
2,Henderson,Unknown,188,0,77,2021-04-17,0.08651633686148182,0.0711645101663586
3,Henderson,White,1952,0,987,2021-04-17,0.898297284859641,0.9121996303142329
4,Henderson,Hispanic or Latino,10,0,4,2021-04-17,0.004601932811780948,0.0036968576709796672
5,Henderson,Other race,15,0,10,2021-04-17,0.006902899217671422,0.009242144177449169
0,Shelby,Hispanic or Latino,63,0,33,2021-04-17,0.007337526205450734,0.007132051004970824
1,Shelby,Other race,39,0,19,2021-04-17,0.004542278127183787,0.004106332396801383
2,Shelby,Asian,19,0,14,2021-04-17,0.002212904728627999,0.0030257186081694403
3,Shelby,White,8298,0,4470,2021-04-17,0.9664570230607966,0.966068727036957
4,Shelby,Unknown,140,0,74,2021-04-17,0.01630561378989052,0.015993084071752754
5,Shelby,Native Hawaiian or Other Pacif,2,0,1,2021-04-17,0.00023293733985557886,0.0002161227577263886
6,Shelby,American Indian or Alaska Nati,5,0,4,2021-04-17,0.0005823433496389472,0.0008644910309055544
7,Shelby,Black or African-American,20,0,12,2021-04-17,0.0023293733985557887,0.002593473092716663
0,Fayette,Native Hawaiian or Other Pacif,2,0,1,2021-04-17,0.000277623542476402,0.0002883506343713956
1,Fayette,Unknown,225,0,82,2021-04-17,0.031232648528595225,0.02364475201845444
2,Fayette,Black or African-American,14,0,7,2021-04-17,0.001943364797334814,0.002018454440599769
3,Fayette,Asian,17,0,6,2021-04-17,0.002359800111049417,0.0017301038062283738
4,Fayette,White,6831,0,3308,2021-04-17,0.9482232093281511,0.9538638985005767
5,Fayette,American Indian or Alaska Nati,6,0,2,2021-04-17,0.000832870627429206,0.0005767012687427913
6,Fayette,Hispanic or Latino,62,0,40,2021-04-17,0.008606329816768461,0.011534025374855825
7,Fayette,Other race,47,0,22,2021-04-17,0.006524153248195447,0.006343713956170703
0,Pulaski,Black or African-American,394,0,176,2021-04-17,0.21731936017650302,0.20323325635103925
1,Pulaski,Unknown,148,0,93,2021-04-17,0.08163265306122448,0.10739030023094688
2,Pulaski,Hispanic or Latino,8,0,2,2021-04-17,0.00441257584114727,0.0023094688221709007
3,Pulaski,White,1220,0,578,2021-04-17,0.6729178157749587,0.6674364896073903
4,Pulaski,American Indian or Alaska Nati,11,0,4,2021-04-17,0.006067291781577496,0.004618937644341801
5,Pulaski,Other race,18,0,8,2021-04-17,0.009928295642581356,0.009237875288683603
6,Pulaski,Asian,14,0,5,2021-04-17,0.007722007722007722,0.005773672055427252
0,Massac,American Indian or Alaska Nati,6,0,1,2021-04-17,0.0009770395701025891,0.0003594536304816679
1,Massac,Native Hawaiian or Other Pacif,2,0,0,2021-04-17,0.0003256798567008631,0.0
2,Massac,Black or African-American,369,0,161,2021-04-17,0.06008793356130923,0.05787203450754853
3,Massac,White,5068,0,2321,2021-04-17,0.825272756879987,0.8342918763479511
4,Massac,Hispanic or Latino,46,0,13,2021-04-17,0.00749063670411985,0.004672897196261682
5,Massac,Asian,12,0,5,2021-04-17,0.0019540791402051783,0.0017972681524083393
6,Massac,Other race,62,0,33,2021-04-17,0.010096075557726755,0.01186196980589504
7,Massac,Unknown,576,0,248,2021-04-17,0.09379579872984856,0.08914450035945364
0,Alexander,Native Hawaiian or Other Pacif,2,0,1,2021-04-17,0.0015151515151515152,0.0017006802721088435
1,Alexander,American Indian or Alaska Nati,5,0,1,2021-04-17,0.003787878787878788,0.0017006802721088435
2,Alexander,White,772,0,346,2021-04-17,0.5848484848484848,0.5884353741496599
3,Alexander,Black or African-American,430,0,188,2021-04-17,0.32575757575757575,0.3197278911564626
4,Alexander,Other race,7,0,3,2021-04-17,0.005303030303030303,0.00510204081632653
5,Alexander,Unknown,96,0,46,2021-04-17,0.07272727272727272,0.0782312925170068
6,Alexander,Hispanic or Latino,8,0,3,2021-04-17,0.006060606060606061,0.00510204081632653
